"sourceId","sourceUrl","sourceTitle","proposedSlug","proposedCategory","proposedSubcategory","proposedProductFamily","model","specifications","mainImage","duplicateCandidate","dataConfidence","missingFields","notes"
"1601828463243","https://www.alibaba.com/product-detail/Shower-Room-Hinge-Glass-Door-Stainless_1601828463243.html","淋浴房铰链 玻璃门不锈钢门铰链 90度","stainless-steel-shower-door-hinge-90-1601828463243","shower-hardware","","Shower Hardware","","{""capacity"":null,""doorWidth"":"""",""dimensions"":"""",""netWeight"":"""",""material"":""Stainless steel"",""finish"":"""",""openingAngle"":""90°"",""holdOpen"":null,""glassThickness"":"""",""otherVerifiedFields"":{}}","assets/images/products/placeholders/shower-hardware.svg","false","partially-verified","[""doorWidth"",""dimensions"",""netWeight"",""finish"",""holdOpen""]","Imported from the seller's public product list. Only title-level facts are populated. Media status: not-used-legacy-branding-or-baked-copy."
"1601824312588","https://www.alibaba.com/product-detail/Ultra-Heavy-Duty-Spring-Actuator-360_1601824312588.html","超重型弹簧执行器 360 度门开启角度 门重 600 公斤","hydraulic-floor-spring-up-to-600-kg-1601824312588","floor-springs","","Floor Springs","","{""capacity"":600,""doorWidth"":"""",""dimensions"":"""",""netWeight"":"""",""material"":"""",""finish"":"""",""openingAngle"":""360°"",""holdOpen"":null,""glassThickness"":"""",""otherVerifiedFields"":{}}","assets/images/products/placeholders/floor-springs.svg","false","partially-verified","[""doorWidth"",""dimensions"",""netWeight"",""finish"",""holdOpen""]","Imported from the seller's public product list. Only title-level facts are populated. Media status: not-used-legacy-branding-or-baked-copy."
"1601868884547","https://www.alibaba.com/product-detail/Combo-Set-Floor-SpringStainless-Steel-Patch_1601868884547.html","组合套装地弹簧不锈钢贴片配件高品质玻璃门五金件带手柄","hydraulic-floor-spring-1601868884547","floor-springs","","Floor Springs","","{""capacity"":null,""doorWidth"":"""",""dimensions"":"""",""netWeight"":"""",""material"":""Stainless steel"",""finish"":"""",""openingAngle"":"""",""holdOpen"":null,""glassThickness"":"""",""otherVerifiedFields"":{}}","assets/images/products/placeholders/floor-springs.svg","false","partially-verified","[""doorWidth"",""dimensions"",""netWeight"",""finish"",""holdOpen""]","Imported from the seller's public product list. Only title-level facts are populated. Media status: not-used-legacy-branding-or-baked-copy."
"1601885011406","https://www.alibaba.com/product-detail/No-Digging-Pivot-Hinge-125-Degree_1601885011406.html","免挖掘旋转铰链 125 度现代式偏轴/侧轴液压执行器工厂批发木门弹簧","hydraulic-floor-spring-1601885011406","floor-springs","","Floor Springs","","{""capacity"":null,""doorWidth"":"""",""dimensions"":"""",""netWeight"":"""",""material"":"""",""finish"":"""",""openingAngle"":""125°"",""holdOpen"":null,""glassThickness"":"""",""otherVerifiedFields"":{}}","assets/images/products/placeholders/floor-springs.svg","false","partially-verified","[""doorWidth"",""dimensions"",""netWeight"",""finish"",""holdOpen""]","Imported from the seller's public product list. Only title-level facts are populated. Media status: not-used-legacy-branding-or-baked-copy."
"1601664684789","https://www.alibaba.com/product-detail/Hidden-Pivot-Door-Hinge-180-Degree_1601664684789.html","隐藏式铰链 180 度地弹簧，适用于木门使用 现代侧轴旋转液压执行器","hydraulic-floor-spring-1601664684789","floor-springs","","Floor Springs","","{""capacity"":null,""doorWidth"":"""",""dimensions"":"""",""netWeight"":"""",""material"":"""",""finish"":"""",""openingAngle"":""180°"",""holdOpen"":null,""glassThickness"":"""",""otherVerifiedFields"":{}}","assets/images/products/placeholders/floor-springs.svg","false","partially-verified","[""doorWidth"",""dimensions"",""netWeight"",""finish"",""holdOpen""]","Imported from the seller's public product list. Only title-level facts are populated. Media status: not-used-legacy-branding-or-baked-copy."
"11000031636340","https://www.alibaba.com/product-detail/Modern-Wooden-Door-Off-axis-Rotating_11000031636340.html","现代木门偏轴旋转铰链 125 ° 开口角度大 无挖掘旋转铰链 工厂直销","architectural-door-hinge-125-11000031636340","architectural-hinges","","Architectural Hinges","","{""capacity"":null,""doorWidth"":"""",""dimensions"":"""",""netWeight"":"""",""material"":"""",""finish"":"""",""openingAngle"":""125°"",""holdOpen"":null,""glassThickness"":"""",""otherVerifiedFields"":{}}","assets/images/products/placeholders/architectural-hinges.svg","false","partially-verified","[""doorWidth"",""dimensions"",""netWeight"",""finish"",""holdOpen""]","Imported from the seller's public product list. Only title-level facts are populated. Media status: not-used-legacy-branding-or-baked-copy."
"1601666231343","https://www.alibaba.com/product-detail/Modern-Wooden-Door-Side-Shaft-60_1601666231343.html","现代木门侧轴液压执行器 60-150kg 门框木门液压执行器 高品质侧轴门液压执行器","hydraulic-floor-spring-up-to-150-kg-1601666231343","floor-springs","","Floor Springs","","{""capacity"":150,""doorWidth"":"""",""dimensions"":"""",""netWeight"":"""",""material"":"""",""finish"":"""",""openingAngle"":"""",""holdOpen"":null,""glassThickness"":"""",""otherVerifiedFields"":{}}","assets/images/products/placeholders/floor-springs.svg","false","partially-verified","[""doorWidth"",""dimensions"",""netWeight"",""finish"",""holdOpen""]","Imported from the seller's public product list. Only title-level facts are populated. Media status: not-used-legacy-branding-or-baked-copy."
"11000031607422","https://www.alibaba.com/product-detail/High-end-Off-axis-Rotating-Pivot_11000031607422.html","高端偏轴旋转铰链，最大门重150KG，不锈钢木门免开槽旋转铰链","stainless-steel-architectural-door-hinge-11000031607422","architectural-hinges","","Architectural Hinges","","{""capacity"":150,""doorWidth"":"""",""dimensions"":"""",""netWeight"":"""",""material"":""Stainless steel"",""finish"":"""",""openingAngle"":"""",""holdOpen"":null,""glassThickness"":"""",""otherVerifiedFields"":{}}","assets/images/products/placeholders/architectural-hinges.svg","false","partially-verified","[""doorWidth"",""dimensions"",""netWeight"",""finish"",""holdOpen""]","Imported from the seller's public product list. Only title-level facts are populated. Media status: not-used-legacy-branding-or-baked-copy."
"1601824330219","https://www.alibaba.com/product-detail/Heavy-Duty-Axis-Spring-Actuator-400KG_1601824330219.html","重型轴向弹簧执行器 400KG 360 度现代式地板弹簧","hydraulic-floor-spring-up-to-400-kg-1601824330219","floor-springs","","Floor Springs","","{""capacity"":400,""doorWidth"":"""",""dimensions"":"""",""netWeight"":"""",""material"":"""",""finish"":"""",""openingAngle"":""360°"",""holdOpen"":null,""glassThickness"":"""",""otherVerifiedFields"":{}}","assets/images/products/placeholders/floor-springs.svg","false","partially-verified","[""doorWidth"",""dimensions"",""netWeight"",""finish"",""holdOpen""]","Imported from the seller's public product list. Only title-level facts are populated. Media status: not-used-legacy-branding-or-baked-copy."
"1600991360730","https://www.alibaba.com/product-detail/JIANDASI-Modern-Design-Stainless-Steel-Bathroom_1600991360730.html","JIANDASI 现代设计不锈钢浴室五金配件玻璃淋浴铰链和夹子，带一年保修","stainless-steel-shower-door-hinge-1600991360730","shower-hardware","","Shower Hardware","","{""capacity"":null,""doorWidth"":"""",""dimensions"":"""",""netWeight"":"""",""material"":""Stainless steel"",""finish"":"""",""openingAngle"":"""",""holdOpen"":null,""glassThickness"":"""",""otherVerifiedFields"":{}}","assets/images/products/shower-hardware/stainless-steel-shower-door-hinge-1600991360730/main.avif","false","partially-verified","[""doorWidth"",""dimensions"",""netWeight"",""finish"",""holdOpen""]","Imported from the seller's public product list. Only title-level facts are populated. Media status: approved-clean-listing-image."
"1601006950137","https://www.alibaba.com/product-detail/90-Degree-Stainless-Steel-Glass-to_1601006950137.html","90度不锈钢玻璃到墙壁两侧浴室淋浴铰链，用于8-12毫米无框玻璃门","stainless-steel-shower-door-hinge-90-1601006950137","shower-hardware","","Shower Hardware","","{""capacity"":null,""doorWidth"":"""",""dimensions"":"""",""netWeight"":"""",""material"":""Stainless steel"",""finish"":"""",""openingAngle"":""90°"",""holdOpen"":null,""glassThickness"":""8–12 mm"",""otherVerifiedFields"":{}}","assets/images/products/shower-hardware/stainless-steel-shower-door-hinge-90-1601006950137/main.avif","false","partially-verified","[""doorWidth"",""dimensions"",""netWeight"",""finish"",""holdOpen""]","Imported from the seller's public product list. Only title-level facts are populated. Media status: approved-clean-listing-image."
"1601005946624","https://www.alibaba.com/product-detail/Stainless-Steel-Double-Sides-5mm-Tempered_1601005946624.html","不锈钢双面5毫米钢化玻璃浴室淋浴门铰链 JIANDASI品牌 1年保修 现代设计 GUA品牌","stainless-steel-shower-door-hinge-1601005946624","shower-hardware","","Shower Hardware","","{""capacity"":null,""doorWidth"":"""",""dimensions"":"""",""netWeight"":"""",""material"":""Stainless steel"",""finish"":"""",""openingAngle"":"""",""holdOpen"":null,""glassThickness"":""5 mm"",""otherVerifiedFields"":{}}","assets/images/products/shower-hardware/stainless-steel-shower-door-hinge-1601005946624/main.avif","false","partially-verified","[""doorWidth"",""dimensions"",""netWeight"",""finish"",""holdOpen""]","Imported from the seller's public product list. Only title-level facts are populated. Media status: approved-clean-listing-image."
"1601006206755","https://www.alibaba.com/product-detail/Stainless-Steel-Modern-Shower-Door-Hardware_1601006206755.html","不锈钢现代式淋浴门五金件，厚度5毫米，开启角度90度","stainless-steel-shower-door-fitting-1601006206755","shower-hardware","","Shower Hardware","","{""capacity"":null,""doorWidth"":"""",""dimensions"":"""",""netWeight"":"""",""material"":""Stainless steel"",""finish"":"""",""openingAngle"":""90°"",""holdOpen"":null,""glassThickness"":""5 mm"",""otherVerifiedFields"":{}}","assets/images/products/shower-hardware/stainless-steel-shower-door-fitting-1601006206755/main.avif","false","partially-verified","[""doorWidth"",""dimensions"",""netWeight"",""finish"",""holdOpen""]","Imported from the seller's public product list. Only title-level facts are populated. Media status: approved-clean-listing-image."
"1600973404398","https://www.alibaba.com/product-detail/Stainless-Steel-304-Shower-Hinge-5mm_1600973404398.html","不锈钢304 # 淋浴铰链 5mm 厚度 180° 开角 易于安装，适用于淋浴玻璃门-JIANDASI JDS-109","ss304-shower-door-hinge-180-jds-109-1600973404398","shower-hardware","","Shower Hardware","JDS-109","{""capacity"":null,""doorWidth"":"""",""dimensions"":"""",""netWeight"":"""",""material"":""SS304"",""finish"":"""",""openingAngle"":""180°"",""holdOpen"":null,""glassThickness"":""5 mm"",""otherVerifiedFields"":{}}","assets/images/products/shower-hardware/ss304-shower-door-hinge-180-jds-109-1600973404398/main.avif","false","partially-verified","[""doorWidth"",""dimensions"",""netWeight"",""finish"",""holdOpen""]","Imported from the seller's public product list. Only title-level facts are populated. Media status: approved-clean-listing-image."
"1600966555256","https://www.alibaba.com/product-detail/Modern-Aluminium-Glass-Door-Clamp-Screw_1600966555256.html","现代铝制玻璃门夹紧螺丝贴片连接件双连接器","glass-door-fitting-1600966555256","glass-door-hardware","","Glass Door Hardware","","{""capacity"":null,""doorWidth"":"""",""dimensions"":"""",""netWeight"":"""",""material"":""Aluminum"",""finish"":"""",""openingAngle"":"""",""holdOpen"":null,""glassThickness"":"""",""otherVerifiedFields"":{}}","assets/images/products/glass-door-hardware/glass-door-fitting-1600966555256/main.avif","false","partially-verified","[""doorWidth"",""dimensions"",""netWeight"",""finish"",""holdOpen""]","Imported from the seller's public product list. Only title-level facts are populated. Media status: approved-clean-listing-image."
"11000024212760","https://www.alibaba.com/product-detail/Modern-Living-Room-Window-Handle-Shower_11000024212760.html","现代客厅窗户把手、淋浴门把手、玻璃门把手，安装方便","shower-door-fitting-11000024212760","shower-hardware","","Shower Hardware","","{""capacity"":null,""doorWidth"":"""",""dimensions"":"""",""netWeight"":"""",""material"":"""",""finish"":"""",""openingAngle"":"""",""holdOpen"":null,""glassThickness"":"""",""otherVerifiedFields"":{}}","assets/images/products/shower-hardware/shower-door-fitting-11000024212760/main.avif","false","partially-verified","[""doorWidth"",""dimensions"",""netWeight"",""finish"",""holdOpen""]","Imported from the seller's public product list. Only title-level facts are populated. Media status: approved-clean-listing-image."
"1601006928427","https://www.alibaba.com/product-detail/Stainless-Steel-Shower-Door-Clamp-Hinge_1601006928427.html","不锈钢淋浴门夹扣铰链，开角180度，厚度5毫米，安装方便-JIANDASI品牌","stainless-steel-shower-door-hinge-180-1601006928427","shower-hardware","","Shower Hardware","","{""capacity"":null,""doorWidth"":"""",""dimensions"":"""",""netWeight"":"""",""material"":""Stainless steel"",""finish"":"""",""openingAngle"":""180°"",""holdOpen"":null,""glassThickness"":""5 mm"",""otherVerifiedFields"":{}}","assets/images/products/placeholders/shower-hardware.svg","false","partially-verified","[""doorWidth"",""dimensions"",""netWeight"",""finish"",""holdOpen""]","Imported from the seller's public product list. Only title-level facts are populated. Media status: not-used-legacy-branding-or-baked-copy."
"1600965637827","https://www.alibaba.com/product-detail/Stainless-Steel-Patch-Fitting-for-Glass_1600965637827.html","玻璃门和玻璃夹用不锈钢贴片配件 JIANDASI 品牌型号 JDS-02 现代设计 易于安装","glass-door-fitting-jds-02-1600965637827","glass-door-hardware","","Glass Door Hardware","JDS-02","{""capacity"":null,""doorWidth"":"""",""dimensions"":"""",""netWeight"":"""",""material"":""Stainless steel"",""finish"":"""",""openingAngle"":"""",""holdOpen"":null,""glassThickness"":"""",""otherVerifiedFields"":{}}","assets/images/products/glass-door-hardware/glass-door-fitting-jds-02-1600965637827/main.avif","false","partially-verified","[""doorWidth"",""dimensions"",""netWeight"",""finish"",""holdOpen""]","Imported from the seller's public product list. Only title-level facts are populated. Media status: approved-clean-listing-image."
"1601867275243","https://www.alibaba.com/product-detail/Modern-Design-Adjustable-Stainless-Steel-180_1601867275243.html","现代设计可调节不锈钢180度玻璃对玻璃淋浴夹和门窗铰链，适用于酒店使用","stainless-steel-shower-door-hinge-180-1601867275243","shower-hardware","","Shower Hardware","","{""capacity"":null,""doorWidth"":"""",""dimensions"":"""",""netWeight"":"""",""material"":""Stainless steel"",""finish"":"""",""openingAngle"":""180°"",""holdOpen"":null,""glassThickness"":"""",""otherVerifiedFields"":{}}","assets/images/products/shower-hardware/stainless-steel-shower-door-hinge-180-1601867275243/main.avif","false","partially-verified","[""doorWidth"",""dimensions"",""netWeight"",""finish"",""holdOpen""]","Imported from the seller's public product list. Only title-level facts are populated. Media status: approved-clean-listing-image."
"1601002655399","https://www.alibaba.com/product-detail/Special-Design-High-Quality-Two-Way_1601002655399.html","特殊设计高品质双向锌合金淋浴铰链、淋浴门夹","zinc-alloy-shower-door-hinge-1601002655399","shower-hardware","","Shower Hardware","","{""capacity"":null,""doorWidth"":"""",""dimensions"":"""",""netWeight"":"""",""material"":""Zinc alloy"",""finish"":"""",""openingAngle"":"""",""holdOpen"":null,""glassThickness"":"""",""otherVerifiedFields"":{}}","assets/images/products/shower-hardware/zinc-alloy-shower-door-hinge-1601002655399/main.avif","false","partially-verified","[""doorWidth"",""dimensions"",""netWeight"",""finish"",""holdOpen""]","Imported from the seller's public product list. Only title-level facts are populated. Media status: approved-clean-listing-image."
"1601838122744","https://www.alibaba.com/product-detail/Factory-Direct-Supply-Door-Hardware-Cylinders_1601838122744.html","厂家直供 门五金配件 门锁芯 中央玻璃门锁","glass-door-lock-1601838122744","door-locks","","Door Locks","","{""capacity"":null,""doorWidth"":"""",""dimensions"":"""",""netWeight"":"""",""material"":"""",""finish"":"""",""openingAngle"":"""",""holdOpen"":null,""glassThickness"":"""",""otherVerifiedFields"":{}}","assets/images/products/door-locks/glass-door-lock-1601838122744/main.avif","false","partially-verified","[""doorWidth"",""dimensions"",""netWeight"",""finish"",""holdOpen""]","Imported from the seller's public product list. Only title-level facts are populated. Media status: approved-clean-listing-image."
"1601830920368","https://www.alibaba.com/product-detail/Stainless-Steel-Glass-Door-Floor-Spring_1601830920368.html","不锈钢玻璃门地弹簧 90公斤液压地弹簧 工业隐藏式地弹簧 商业门地弹簧","hydraulic-floor-spring-up-to-90-kg-1601830920368","floor-springs","","Floor Springs","","{""capacity"":90,""doorWidth"":"""",""dimensions"":"""",""netWeight"":"""",""material"":""Stainless steel"",""finish"":"""",""openingAngle"":"""",""holdOpen"":null,""glassThickness"":"""",""otherVerifiedFields"":{}}","assets/images/products/placeholders/floor-springs.svg","false","partially-verified","[""doorWidth"",""dimensions"",""netWeight"",""finish"",""holdOpen""]","Imported from the seller's public product list. Only title-level facts are populated. Media status: not-used-legacy-branding-or-baked-copy."
"1601834349647","https://www.alibaba.com/product-detail/Stainless-Steel-Glass-Door-Hydraulic-Soft_1601834349647.html","不锈钢玻璃门液压缓闭淋浴铰链，淋浴玻璃门浴室铰链，玻璃夹子","stainless-steel-shower-door-hinge-1601834349647","shower-hardware","","Shower Hardware","","{""capacity"":null,""doorWidth"":"""",""dimensions"":"""",""netWeight"":"""",""material"":""Stainless steel"",""finish"":"""",""openingAngle"":"""",""holdOpen"":null,""glassThickness"":"""",""otherVerifiedFields"":{}}","assets/images/products/shower-hardware/stainless-steel-shower-door-hinge-1601834349647/main.avif","false","partially-verified","[""doorWidth"",""dimensions"",""netWeight"",""finish"",""holdOpen""]","Imported from the seller's public product list. Only title-level facts are populated. Media status: approved-clean-listing-image."
"1600993825658","https://www.alibaba.com/product-detail/Waterproof-Strip-PVC-Strip-for-Bathroom_1600993825658.html","防水条，浴室玻璃用聚氯乙烯条","shower-door-sealing-strip-1600993825658","shower-hardware","","Shower Hardware","","{""capacity"":null,""doorWidth"":"""",""dimensions"":"""",""netWeight"":"""",""material"":""PVC"",""finish"":"""",""openingAngle"":"""",""holdOpen"":null,""glassThickness"":"""",""otherVerifiedFields"":{}}","assets/images/products/shower-hardware/shower-door-sealing-strip-1600993825658/main.avif","false","partially-verified","[""doorWidth"",""dimensions"",""netWeight"",""finish"",""holdOpen""]","Imported from the seller's public product list. Only title-level facts are populated. Media status: approved-clean-listing-image."
"1601053545704","https://www.alibaba.com/product-detail/Stainless-Steel-Frameless-Glass-Door-Lock_1601053545704.html","不锈钢无框玻璃门锁，带现代式拉杆手柄，螺钉安装，易于组装","glass-door-lock-1601053545704","door-locks","","Door Locks","","{""capacity"":null,""doorWidth"":"""",""dimensions"":"""",""netWeight"":"""",""material"":""Stainless steel"",""finish"":"""",""openingAngle"":"""",""holdOpen"":null,""glassThickness"":"""",""otherVerifiedFields"":{}}","assets/images/products/door-locks/glass-door-lock-1601053545704/main.avif","false","partially-verified","[""doorWidth"",""dimensions"",""netWeight"",""finish"",""holdOpen""]","Imported from the seller's public product list. Only title-level facts are populated. Media status: approved-clean-listing-image."
"1601819101341","https://www.alibaba.com/product-detail/Ultra-Heavy-Duty-Spring-Actuator_1601819101341.html","超重型弹簧执行器","hydraulic-floor-spring-1601819101341","floor-springs","","Floor Springs","","{""capacity"":null,""doorWidth"":"""",""dimensions"":"""",""netWeight"":"""",""material"":"""",""finish"":"""",""openingAngle"":"""",""holdOpen"":null,""glassThickness"":"""",""otherVerifiedFields"":{}}","assets/images/products/placeholders/floor-springs.svg","false","partially-verified","[""doorWidth"",""dimensions"",""netWeight"",""finish"",""holdOpen""]","Imported from the seller's public product list. Only title-level facts are populated. Media status: not-used-legacy-branding-or-baked-copy."
"60763886206","https://www.alibaba.com/product-detail/95KG-Floor-Spring-Hinges-125-Opening_60763886206.html","95KG地板弹簧铰链125 ° 打开角度玻璃门地面弹簧","hydraulic-floor-spring-up-to-95-kg-60763886206","floor-springs","","Floor Springs","","{""capacity"":95,""doorWidth"":"""",""dimensions"":"""",""netWeight"":"""",""material"":"""",""finish"":"""",""openingAngle"":""125°"",""holdOpen"":null,""glassThickness"":"""",""otherVerifiedFields"":{}}","assets/images/products/placeholders/floor-springs.svg","false","partially-verified","[""doorWidth"",""dimensions"",""netWeight"",""finish"",""holdOpen""]","Imported from the seller's public product list. Only title-level facts are populated. Media status: not-used-legacy-branding-or-baked-copy."
"1601453705558","https://www.alibaba.com/product-detail/95KG-Bearing-Weight-Door-Hinge-Glass_1601453705558.html","95公斤承重门铰链玻璃门地板弹簧机玻璃门地板弹簧","hydraulic-floor-spring-up-to-95-kg-1601453705558","floor-springs","","Floor Springs","","{""capacity"":95,""doorWidth"":"""",""dimensions"":"""",""netWeight"":"""",""material"":"""",""finish"":"""",""openingAngle"":"""",""holdOpen"":null,""glassThickness"":"""",""otherVerifiedFields"":{}}","assets/images/products/floor-springs/hydraulic-floor-spring-up-to-95-kg-1601453705558/main.avif","false","partially-verified","[""doorWidth"",""dimensions"",""netWeight"",""finish"",""holdOpen""]","Imported from the seller's public product list. Only title-level facts are populated. Media status: approved-clean-listing-image."
"1601435107304","https://www.alibaba.com/product-detail/Floor-Spring-Door-Closer-Concealed-Wooden_1601435107304.html","玻璃门可调底部枢轴地板机地弹簧闭门器隐藏式木门液压自动关闭","hydraulic-floor-spring-1601435107304","floor-springs","","Floor Springs","","{""capacity"":null,""doorWidth"":"""",""dimensions"":"""",""netWeight"":"""",""material"":"""",""finish"":"""",""openingAngle"":"""",""holdOpen"":null,""glassThickness"":"""",""otherVerifiedFields"":{}}","assets/images/products/placeholders/floor-springs.svg","false","partially-verified","[""doorWidth"",""dimensions"",""netWeight"",""finish"",""holdOpen""]","Imported from the seller's public product list. Only title-level facts are populated. Media status: not-used-legacy-branding-or-baked-copy."
"1601677506942","https://www.alibaba.com/product-detail/High-quality-Modern-Heavy-Duty-Stainless_1601677506942.html","高品质现代重型不锈钢地弹簧玻璃门铰链 130公斤玻璃地弹簧门铰链","hydraulic-floor-spring-up-to-130-kg-1601677506942","floor-springs","","Floor Springs","","{""capacity"":130,""doorWidth"":"""",""dimensions"":"""",""netWeight"":"""",""material"":""Stainless steel"",""finish"":"""",""openingAngle"":"""",""holdOpen"":null,""glassThickness"":"""",""otherVerifiedFields"":{}}","assets/images/products/placeholders/floor-springs.svg","false","partially-verified","[""doorWidth"",""dimensions"",""netWeight"",""finish"",""holdOpen""]","Imported from the seller's public product list. Only title-level facts are populated. Media status: not-used-legacy-branding-or-baked-copy."
"1601639170993","https://www.alibaba.com/product-detail/Surface-Mounted-Glass-Door-Central-Lock_1601639170993.html","表面安装式玻璃门中央锁不锈钢玻璃对墙门锁带钥匙","glass-door-lock-1601639170993","door-locks","","Door Locks","","{""capacity"":null,""doorWidth"":"""",""dimensions"":"""",""netWeight"":"""",""material"":""Stainless steel"",""finish"":"""",""openingAngle"":"""",""holdOpen"":null,""glassThickness"":"""",""otherVerifiedFields"":{}}","assets/images/products/placeholders/door-locks.svg","false","partially-verified","[""doorWidth"",""dimensions"",""netWeight"",""finish"",""holdOpen""]","Imported from the seller's public product list. Only title-level facts are populated. Media status: not-used-legacy-branding-or-baked-copy."
"1601677587332","https://www.alibaba.com/product-detail/High-end-Modern-Stainless-Steel-Double_1601677587332.html","高端现代不锈钢双筒玻璃门地弹簧闭门器，适用于酒店使用，承重150公斤","hydraulic-floor-spring-up-to-150-kg-1601677587332","floor-springs","","Floor Springs","","{""capacity"":150,""doorWidth"":"""",""dimensions"":"""",""netWeight"":"""",""material"":""Stainless steel"",""finish"":"""",""openingAngle"":"""",""holdOpen"":null,""glassThickness"":"""",""otherVerifiedFields"":{}}","assets/images/products/placeholders/floor-springs.svg","false","partially-verified","[""doorWidth"",""dimensions"",""netWeight"",""finish"",""holdOpen""]","Imported from the seller's public product list. Only title-level facts are populated. Media status: not-used-legacy-branding-or-baked-copy."
"1601616381661","https://www.alibaba.com/product-detail/300KG-Modern-Hotel-Glass-Door-Floor_1601616381661.html","300公斤现代酒店玻璃门地弹簧，速度可调，安装方便，保修2年","hydraulic-floor-spring-up-to-300-kg-1601616381661","floor-springs","","Floor Springs","","{""capacity"":300,""doorWidth"":"""",""dimensions"":"""",""netWeight"":"""",""material"":"""",""finish"":"""",""openingAngle"":"""",""holdOpen"":null,""glassThickness"":"""",""otherVerifiedFields"":{}}","assets/images/products/placeholders/floor-springs.svg","false","partially-verified","[""doorWidth"",""dimensions"",""netWeight"",""finish"",""holdOpen""]","Imported from the seller's public product list. Only title-level facts are populated. Media status: not-used-legacy-branding-or-baked-copy."
"1601484390473","https://www.alibaba.com/product-detail/OEM-Adjustable-Speed-Ground-Spring-300kg_1601484390473.html","OEM可调速地面弹簧300千克容量地板弹簧，用于酒店商场和医院玻璃门安全系统","hydraulic-floor-spring-up-to-300-kg-1601484390473","floor-springs","","Floor Springs","","{""capacity"":300,""doorWidth"":"""",""dimensions"":"""",""netWeight"":"""",""material"":"""",""finish"":"""",""openingAngle"":"""",""holdOpen"":null,""glassThickness"":"""",""otherVerifiedFields"":{}}","assets/images/products/placeholders/floor-springs.svg","false","partially-verified","[""doorWidth"",""dimensions"",""netWeight"",""finish"",""holdOpen""]","Imported from the seller's public product list. Only title-level facts are populated. Media status: not-used-legacy-branding-or-baked-copy."
"1601459464728","https://www.alibaba.com/product-detail/Glass-Door-Ground-Spring-150KG-Max_1601459464728.html","玻璃门地面弹簧150公斤最大门重量医院酒店学校玻璃门弹簧地板进入系统","hydraulic-floor-spring-up-to-150-kg-1601459464728","floor-springs","","Floor Springs","","{""capacity"":150,""doorWidth"":"""",""dimensions"":"""",""netWeight"":"""",""material"":"""",""finish"":"""",""openingAngle"":"""",""holdOpen"":null,""glassThickness"":"""",""otherVerifiedFields"":{}}","assets/images/products/placeholders/floor-springs.svg","false","partially-verified","[""doorWidth"",""dimensions"",""netWeight"",""finish"",""holdOpen""]","Imported from the seller's public product list. Only title-level facts are populated. Media status: not-used-legacy-branding-or-baked-copy."
"1601671238402","https://www.alibaba.com/product-detail/Stainless-Steel-Hydraulic-Floor-Spring-for_1601671238402.html","不锈钢液压地弹簧，适用于玻璃门和木门，现代设计，酒店用，最大承重120公斤","hydraulic-floor-spring-up-to-120-kg-1601671238402","floor-springs","","Floor Springs","","{""capacity"":120,""doorWidth"":"""",""dimensions"":"""",""netWeight"":"""",""material"":""Stainless steel"",""finish"":"""",""openingAngle"":"""",""holdOpen"":null,""glassThickness"":"""",""otherVerifiedFields"":{}}","assets/images/products/placeholders/floor-springs.svg","false","partially-verified","[""doorWidth"",""dimensions"",""netWeight"",""finish"",""holdOpen""]","Imported from the seller's public product list. Only title-level facts are populated. Media status: not-used-legacy-branding-or-baked-copy."
"1601466804194","https://www.alibaba.com/product-detail/Commercial-Door-Handle-Glass-Door-Lever_1601466804194.html","医院学校酒店入口商用门把手玻璃门把手办公室玻璃门把手","pull-handle-1601466804194","pull-handles","","Pull Handles","","{""capacity"":null,""doorWidth"":"""",""dimensions"":"""",""netWeight"":"""",""material"":"""",""finish"":"""",""openingAngle"":"""",""holdOpen"":null,""glassThickness"":"""",""otherVerifiedFields"":{}}","assets/images/products/pull-handles/pull-handle-1601466804194/main.avif","false","partially-verified","[""doorWidth"",""dimensions"",""netWeight"",""finish"",""holdOpen""]","Imported from the seller's public product list. Only title-level facts are populated. Media status: approved-clean-listing-image."
"1601680539308","https://www.alibaba.com/product-detail/Modern-Wooden-Doors-No-Digging-Pivot_1601680539308.html","现代木门免挖孔旋转地弹簧铰链畅销不锈钢液压隐藏式铰链","hydraulic-floor-spring-1601680539308","floor-springs","","Floor Springs","","{""capacity"":null,""doorWidth"":"""",""dimensions"":"""",""netWeight"":"""",""material"":""Stainless steel"",""finish"":"""",""openingAngle"":"""",""holdOpen"":null,""glassThickness"":"""",""otherVerifiedFields"":{}}","assets/images/products/floor-springs/hydraulic-floor-spring-1601680539308/main.avif","false","partially-verified","[""doorWidth"",""dimensions"",""netWeight"",""finish"",""holdOpen""]","Imported from the seller's public product list. Only title-level facts are populated. Media status: approved-clean-listing-image."
"1601616322650","https://www.alibaba.com/product-detail/Hot-selling-Modern-Glass-Door-Floor_1601616322650.html","热销现代玻璃门底弹簧 125 自动保持开启 酒店用 可调速 120KG 承重 工厂直销 KINDERS","hydraulic-floor-spring-up-to-120-kg-1601616322650","floor-springs","","Floor Springs","","{""capacity"":120,""doorWidth"":"""",""dimensions"":"""",""netWeight"":"""",""material"":"""",""finish"":"""",""openingAngle"":"""",""holdOpen"":null,""glassThickness"":"""",""otherVerifiedFields"":{}}","assets/images/products/placeholders/floor-springs.svg","false","partially-verified","[""doorWidth"",""dimensions"",""netWeight"",""finish"",""holdOpen""]","Imported from the seller's public product list. Only title-level facts are populated. Media status: not-used-legacy-branding-or-baked-copy."
"1600271828976","https://www.alibaba.com/product-detail/Heavy-Duty-120kg-Load-Floor-Spring_1600271828976.html","重型120千克负载地板弹簧铰链BST 65酒店现代玻璃门关闭器","hydraulic-floor-spring-up-to-120-kg-bst-65-1600271828976","floor-springs","","Floor Springs","BST-65","{""capacity"":120,""doorWidth"":"""",""dimensions"":"""",""netWeight"":"""",""material"":"""",""finish"":"""",""openingAngle"":"""",""holdOpen"":null,""glassThickness"":"""",""otherVerifiedFields"":{}}","assets/images/products/placeholders/floor-springs.svg","false","partially-verified","[""doorWidth"",""dimensions"",""netWeight"",""finish"",""holdOpen""]","Imported from the seller's public product list. Only title-level facts are populated. Media status: not-used-legacy-branding-or-baked-copy."
"1601671170707","https://www.alibaba.com/product-detail/Factory-Direct-Sale-Modern-Stainless-Steel_1601671170707.html","厂家直销现代不锈钢201/304地弹簧，适用于玻璃木门，酒店用，2年保修，承重95公斤","hydraulic-floor-spring-up-to-95-kg-1601671170707","floor-springs","","Floor Springs","","{""capacity"":95,""doorWidth"":"""",""dimensions"":"""",""netWeight"":"""",""material"":""SS201 / SS304"",""finish"":"""",""openingAngle"":"""",""holdOpen"":null,""glassThickness"":"""",""otherVerifiedFields"":{}}","assets/images/products/placeholders/floor-springs.svg","false","partially-verified","[""doorWidth"",""dimensions"",""netWeight"",""finish"",""holdOpen""]","Imported from the seller's public product list. Only title-level facts are populated. Media status: not-used-legacy-branding-or-baked-copy."
"1601715762414","https://www.alibaba.com/product-detail/Hot-Sale-40-60KG-Adjustable-Commercial_1601715762414.html","热销40-60公斤可调式商用闭门器，适用于办公室/酒店/学校防火门自动闭门器","hydraulic-door-closer-up-to-60-kg-1601715762414","door-closers","","Door Closers","","{""capacity"":60,""doorWidth"":"""",""dimensions"":"""",""netWeight"":"""",""material"":"""",""finish"":"""",""openingAngle"":"""",""holdOpen"":null,""glassThickness"":"""",""otherVerifiedFields"":{}}","assets/images/products/placeholders/door-closers.svg","false","partially-verified","[""doorWidth"",""dimensions"",""netWeight"",""finish"",""holdOpen""]","Imported from the seller's public product list. Only title-level facts are populated. Media status: not-used-legacy-branding-or-baked-copy."
"1601715857357","https://www.alibaba.com/product-detail/Commercial-Building-Fire-Door-Closer-Tanzania_1601715857357.html","商业建筑防火门闭门器 坦桑尼亚市场可调节自动闭门器 适用于医院/学校/公共建筑","hydraulic-door-closer-1601715857357","door-closers","","Door Closers","","{""capacity"":null,""doorWidth"":"""",""dimensions"":"""",""netWeight"":"""",""material"":"""",""finish"":"""",""openingAngle"":"""",""holdOpen"":null,""glassThickness"":"""",""otherVerifiedFields"":{}}","assets/images/products/placeholders/door-closers.svg","false","partially-verified","[""doorWidth"",""dimensions"",""netWeight"",""finish"",""holdOpen""]","Imported from the seller's public product list. Only title-level facts are populated. Media status: not-used-legacy-branding-or-baked-copy."
"1601807265553","https://www.alibaba.com/product-detail/Aluminum-Alloy-Industrial-Curtain-Walls-Solid_1601807265553.html","铝合金工业幕墙实心板，用于办公楼外立面设计、户外防火防水装饰","aluminum-architectural-panel-1601807265553","aluminum-panels","","Aluminum Architectural Panels","","{""capacity"":null,""doorWidth"":"""",""dimensions"":"""",""netWeight"":"""",""material"":""Aluminum alloy"",""finish"":"""",""openingAngle"":"""",""holdOpen"":null,""glassThickness"":"""",""otherVerifiedFields"":{}}","assets/images/products/placeholders/aluminum-panels.svg","true","partially-verified","[""doorWidth"",""dimensions"",""netWeight"",""finish"",""holdOpen""]","Imported from the seller's public product list. Only title-level facts are populated. Media status: not-used-legacy-branding-or-baked-copy."
"1601807200873","https://www.alibaba.com/product-detail/Customized-Solid-Color-Aluminum-Curtain-Walls_1601807200873.html","定制纯色铝制幕墙外饰金属墙板，适用于酒店、医院、学校","aluminum-architectural-panel-1601807200873","aluminum-panels","","Aluminum Architectural Panels","","{""capacity"":null,""doorWidth"":"""",""dimensions"":"""",""netWeight"":"""",""material"":""Aluminum"",""finish"":"""",""openingAngle"":"""",""holdOpen"":null,""glassThickness"":"""",""otherVerifiedFields"":{}}","assets/images/products/placeholders/aluminum-panels.svg","false","partially-verified","[""doorWidth"",""dimensions"",""netWeight"",""finish"",""holdOpen""]","Imported from the seller's public product list. Only title-level facts are populated. Media status: not-used-legacy-branding-or-baked-copy."
"1601807280462","https://www.alibaba.com/product-detail/Modern-Aluminum-Alloy-Curtain-Wall-Exterior_1601807280462.html","现代铝合金幕墙外饰面板，防火防水，适合户外使用","aluminum-architectural-panel-1601807280462","aluminum-panels","","Aluminum Architectural Panels","","{""capacity"":null,""doorWidth"":"""",""dimensions"":"""",""netWeight"":"""",""material"":""Aluminum alloy"",""finish"":"""",""openingAngle"":"""",""holdOpen"":null,""glassThickness"":"""",""otherVerifiedFields"":{}}","assets/images/products/placeholders/aluminum-panels.svg","false","partially-verified","[""doorWidth"",""dimensions"",""netWeight"",""finish"",""holdOpen""]","Imported from the seller's public product list. Only title-level facts are populated. Media status: not-used-legacy-branding-or-baked-copy."
"1601807333154","https://www.alibaba.com/product-detail/Aluminum-Solid-Panel-for-Building-Exterior_1601807333154.html","铝制实心面板，用于建筑外饰金属幕墙、雕刻石材、室内装饰、商场、酒店用途","decorative-aluminum-panel-1601807333154","aluminum-panels","","Aluminum Architectural Panels","","{""capacity"":null,""doorWidth"":"""",""dimensions"":"""",""netWeight"":"""",""material"":""Aluminum"",""finish"":"""",""openingAngle"":"""",""holdOpen"":null,""glassThickness"":"""",""otherVerifiedFields"":{}}","assets/images/products/placeholders/aluminum-panels.svg","false","partially-verified","[""doorWidth"",""dimensions"",""netWeight"",""finish"",""holdOpen""]","Imported from the seller's public product list. Only title-level facts are populated. Media status: not-used-legacy-branding-or-baked-copy."
"1601807354006","https://www.alibaba.com/product-detail/Industrial-Aluminum-Decorative-Panels-for-Mall_1601807354006.html","商场酒店建筑外饰墙用工业铝装饰板 防水防火幕墙 广东省","aluminum-architectural-panel-1601807354006","aluminum-panels","","Aluminum Architectural Panels","","{""capacity"":null,""doorWidth"":"""",""dimensions"":"""",""netWeight"":"""",""material"":"""",""finish"":"""",""openingAngle"":"""",""holdOpen"":null,""glassThickness"":"""",""otherVerifiedFields"":{}}","assets/images/products/placeholders/aluminum-panels.svg","false","partially-verified","[""doorWidth"",""dimensions"",""netWeight"",""finish"",""holdOpen""]","Imported from the seller's public product list. Only title-level facts are populated. Media status: not-used-legacy-branding-or-baked-copy."
"1601807193915","https://www.alibaba.com/product-detail/Modern-Outdoor-Solid-Aluminum-Facade-Veneer_1601807193915.html","现代户外实心铝制外墙板金属面板装饰幕墙，适用于医院建筑外饰","aluminum-architectural-panel-1601807193915","aluminum-panels","","Aluminum Architectural Panels","","{""capacity"":null,""doorWidth"":"""",""dimensions"":"""",""netWeight"":"""",""material"":""Aluminum"",""finish"":"""",""openingAngle"":"""",""holdOpen"":null,""glassThickness"":"""",""otherVerifiedFields"":{}}","assets/images/products/placeholders/aluminum-panels.svg","false","partially-verified","[""doorWidth"",""dimensions"",""netWeight"",""finish"",""holdOpen""]","Imported from the seller's public product list. Only title-level facts are populated. Media status: not-used-legacy-branding-or-baked-copy."
"1601807322177","https://www.alibaba.com/product-detail/Modern-Industrial-Aluminum-Alloy-Cladding-Panel_1601807322177.html","现代工业铝合金幕墙板，适用于酒店商场外墙-环保隔热易组装幕板","aluminum-architectural-panel-1601807322177","aluminum-panels","","Aluminum Architectural Panels","","{""capacity"":null,""doorWidth"":"""",""dimensions"":"""",""netWeight"":"""",""material"":""Aluminum alloy"",""finish"":"""",""openingAngle"":"""",""holdOpen"":null,""glassThickness"":"""",""otherVerifiedFields"":{}}","assets/images/products/placeholders/aluminum-panels.svg","false","partially-verified","[""doorWidth"",""dimensions"",""netWeight"",""finish"",""holdOpen""]","Imported from the seller's public product list. Only title-level facts are populated. Media status: not-used-legacy-branding-or-baked-copy."
"1601807318218","https://www.alibaba.com/product-detail/Skyscrape-Industrial-Waterproof-Aluminium-Frame-Structural_1601807318218.html","Skyscrape工业防水铝框结构合金穿孔墙板，用于酒店户外装饰","architectural-door-accessory-1601807318218","door-accessories","","Door Accessories","","{""capacity"":null,""doorWidth"":"""",""dimensions"":"""",""netWeight"":"""",""material"":"""",""finish"":"""",""openingAngle"":"""",""holdOpen"":null,""glassThickness"":"""",""otherVerifiedFields"":{}}","assets/images/products/placeholders/door-accessories.svg","false","unclear","[""doorWidth"",""dimensions"",""netWeight"",""finish"",""holdOpen""]","Imported from the seller's public product list. Only title-level facts are populated. Media status: not-used-legacy-branding-or-baked-copy."
"1601807290245","https://www.alibaba.com/product-detail/Aluminum-Alloy-Industrial-Curtain-Walls-Solid_1601807290245.html","铝合金工业幕墙实心板，用于办公楼外立面设计、户外防火防水装饰","aluminum-architectural-panel-1601807290245","aluminum-panels","","Aluminum Architectural Panels","","{""capacity"":null,""doorWidth"":"""",""dimensions"":"""",""netWeight"":"""",""material"":""Aluminum alloy"",""finish"":"""",""openingAngle"":"""",""holdOpen"":null,""glassThickness"":"""",""otherVerifiedFields"":{}}","assets/images/products/placeholders/aluminum-panels.svg","true","partially-verified","[""doorWidth"",""dimensions"",""netWeight"",""finish"",""holdOpen""]","Imported from the seller's public product list. Only title-level facts are populated. Media status: not-used-legacy-branding-or-baked-copy."
"1601807181946","https://www.alibaba.com/product-detail/Customized-Industrial-Design-Aluminium-Solid-Panel_1601807181946.html","定制工业设计铝制实心面板，适用于酒店、医院、商场建筑幕墙","aluminum-architectural-panel-1601807181946","aluminum-panels","","Aluminum Architectural Panels","","{""capacity"":null,""doorWidth"":"""",""dimensions"":"""",""netWeight"":"""",""material"":""Aluminum"",""finish"":"""",""openingAngle"":"""",""holdOpen"":null,""glassThickness"":"""",""otherVerifiedFields"":{}}","assets/images/products/placeholders/aluminum-panels.svg","false","partially-verified","[""doorWidth"",""dimensions"",""netWeight"",""finish"",""holdOpen""]","Imported from the seller's public product list. Only title-level facts are populated. Media status: not-used-legacy-branding-or-baked-copy."
"1601458907419","https://www.alibaba.com/product-detail/Commercial-Adjustable-Glass-Door-Closers-with_1601458907419.html","商用可调玻璃闭门器，带顶部弹簧OEM五金配件，适用于学校","hydraulic-door-closer-1601458907419","door-closers","","Door Closers","","{""capacity"":null,""doorWidth"":"""",""dimensions"":"""",""netWeight"":"""",""material"":"""",""finish"":"""",""openingAngle"":"""",""holdOpen"":null,""glassThickness"":"""",""otherVerifiedFields"":{}}","assets/images/products/placeholders/door-closers.svg","false","partially-verified","[""doorWidth"",""dimensions"",""netWeight"",""finish"",""holdOpen""]","Imported from the seller's public product list. Only title-level facts are populated. Media status: not-used-legacy-branding-or-baked-copy."
"1601503864604","https://www.alibaba.com/product-detail/Fire-Rated-Door-Closer-Backcheck-Door_1601503864604.html","防火闭门器回溯门闭门器铝医院酒店学校商场防火安全门","hydraulic-door-closer-1601503864604","door-closers","","Door Closers","","{""capacity"":null,""doorWidth"":"""",""dimensions"":"""",""netWeight"":"""",""material"":"""",""finish"":"""",""openingAngle"":"""",""holdOpen"":null,""glassThickness"":"""",""otherVerifiedFields"":{}}","assets/images/products/placeholders/door-closers.svg","true","partially-verified","[""doorWidth"",""dimensions"",""netWeight"",""finish"",""holdOpen""]","Imported from the seller's public product list. Only title-level facts are populated. Media status: not-used-legacy-branding-or-baked-copy."
"1601710695032","https://www.alibaba.com/product-detail/Adjustable-Door-Closer-Hydraulic-Heavy-Duty_1601710695032.html","可调节门关闭器 液压重型防火门关闭器 适用于酒店/公共建筑 商业门关闭器 尼日利亚流行","hydraulic-door-closer-1601710695032","door-closers","","Door Closers","","{""capacity"":null,""doorWidth"":"""",""dimensions"":"""",""netWeight"":"""",""material"":"""",""finish"":"""",""openingAngle"":"""",""holdOpen"":null,""glassThickness"":"""",""otherVerifiedFields"":{}}","assets/images/products/door-closers/hydraulic-door-closer-1601710695032/main.avif","false","partially-verified","[""doorWidth"",""dimensions"",""netWeight"",""finish"",""holdOpen""]","Imported from the seller's public product list. Only title-level facts are populated. Media status: approved-clean-listing-image."
"1601710607597","https://www.alibaba.com/product-detail/Heavy-Duty-Door-Closer-45kg-Hydraulic_1601710607597.html","重型闭门器 45公斤 液压自动闭门器 可调节商用防火闭门器 适用于尼日利亚热带气候","hydraulic-door-closer-up-to-45-kg-1601710607597","door-closers","","Door Closers","","{""capacity"":45,""doorWidth"":"""",""dimensions"":"""",""netWeight"":"""",""material"":"""",""finish"":"""",""openingAngle"":"""",""holdOpen"":null,""glassThickness"":"""",""otherVerifiedFields"":{}}","assets/images/products/door-closers/hydraulic-door-closer-up-to-45-kg-1601710607597/main.avif","false","partially-verified","[""doorWidth"",""dimensions"",""netWeight"",""finish"",""holdOpen""]","Imported from the seller's public product list. Only title-level facts are populated. Media status: approved-clean-listing-image."
"1601577274690","https://www.alibaba.com/product-detail/Modern-Heavy-Duty-Glass-Door-Floor_1601577274690.html","现代重型玻璃门地弹簧铰链 300KG 适用于酒店使用，具有 3 年保修 玻璃门地弹簧铰链 300KG","hydraulic-floor-spring-up-to-300-kg-1601577274690","floor-springs","","Floor Springs","","{""capacity"":300,""doorWidth"":"""",""dimensions"":"""",""netWeight"":"""",""material"":"""",""finish"":"""",""openingAngle"":"""",""holdOpen"":null,""glassThickness"":"""",""otherVerifiedFields"":{}}","assets/images/products/placeholders/floor-springs.svg","false","partially-verified","[""doorWidth"",""dimensions"",""netWeight"",""finish"",""holdOpen""]","Imported from the seller's public product list. Only title-level facts are populated. Media status: not-used-legacy-branding-or-baked-copy."
"1601452767263","https://www.alibaba.com/product-detail/Double-Glass-Door-Central-Lock-System_1601452767263.html","双玻璃门中控锁系统玻璃门锁带钥匙10-15毫米钢化玻璃酒店商店","glass-door-lock-1601452767263","door-locks","","Door Locks","","{""capacity"":null,""doorWidth"":"""",""dimensions"":"""",""netWeight"":"""",""material"":"""",""finish"":"""",""openingAngle"":"""",""holdOpen"":null,""glassThickness"":""10–15 mm"",""otherVerifiedFields"":{}}","assets/images/products/placeholders/door-locks.svg","false","partially-verified","[""doorWidth"",""dimensions"",""netWeight"",""finish"",""holdOpen""]","Imported from the seller's public product list. Only title-level facts are populated. Media status: not-used-legacy-branding-or-baked-copy."
"1601579476128","https://www.alibaba.com/product-detail/201-304-Stainless-Steel-Aluminum-Alloy_1601579476128.html","201/304 不锈钢和铝合金玻璃门夹 10-12 毫米 现代设计 螺丝安装","glass-door-fitting-1601579476128","glass-door-hardware","","Glass Door Hardware","","{""capacity"":null,""doorWidth"":"""",""dimensions"":"""",""netWeight"":"""",""material"":""SS201 / SS304"",""finish"":"""",""openingAngle"":"""",""holdOpen"":null,""glassThickness"":""10–12 mm"",""otherVerifiedFields"":{}}","assets/images/products/placeholders/glass-door-hardware.svg","false","partially-verified","[""doorWidth"",""dimensions"",""netWeight"",""finish"",""holdOpen""]","Imported from the seller's public product list. Only title-level facts are populated. Media status: not-used-legacy-branding-or-baked-copy."
"1601452830921","https://www.alibaba.com/product-detail/Modern-10-12mm-Tempered-Glass-Door_1601452830921.html","现代10 12毫米钢化玻璃门锁玻璃到玻璃中央，带不锈钢螺钉安装","glass-door-lock-1601452830921","door-locks","","Door Locks","","{""capacity"":null,""doorWidth"":"""",""dimensions"":"""",""netWeight"":"""",""material"":""Stainless steel"",""finish"":"""",""openingAngle"":"""",""holdOpen"":null,""glassThickness"":""10–12 mm"",""otherVerifiedFields"":{}}","assets/images/products/placeholders/door-locks.svg","false","partially-verified","[""doorWidth"",""dimensions"",""netWeight"",""finish"",""holdOpen""]","Imported from the seller's public product list. Only title-level facts are populated. Media status: not-used-legacy-branding-or-baked-copy."
"1601636957455","https://www.alibaba.com/product-detail/Factory-Direct-Sales-Glass-Door-Central_1601636957455.html","厂家直销玻璃门中央锁201/304免打孔玻璃对玻璃门锁","glass-door-lock-1601636957455","door-locks","","Door Locks","","{""capacity"":null,""doorWidth"":"""",""dimensions"":"""",""netWeight"":"""",""material"":""SS201 / SS304"",""finish"":"""",""openingAngle"":"""",""holdOpen"":null,""glassThickness"":"""",""otherVerifiedFields"":{}}","assets/images/products/placeholders/door-locks.svg","false","partially-verified","[""doorWidth"",""dimensions"",""netWeight"",""finish"",""holdOpen""]","Imported from the seller's public product list. Only title-level facts are populated. Media status: not-used-legacy-branding-or-baked-copy."
"1601496939804","https://www.alibaba.com/product-detail/Stainless-Steel-Glass-to-Glass-Door_1601496939804.html","不锈钢玻璃到玻璃门锁表面安装无孔钢化玻璃学校医院","glass-door-lock-1601496939804","door-locks","","Door Locks","","{""capacity"":null,""doorWidth"":"""",""dimensions"":"""",""netWeight"":"""",""material"":""Stainless steel"",""finish"":"""",""openingAngle"":"""",""holdOpen"":null,""glassThickness"":"""",""otherVerifiedFields"":{}}","assets/images/products/placeholders/door-locks.svg","false","partially-verified","[""doorWidth"",""dimensions"",""netWeight"",""finish"",""holdOpen""]","Imported from the seller's public product list. Only title-level facts are populated. Media status: not-used-legacy-branding-or-baked-copy."
"1601581115636","https://www.alibaba.com/product-detail/304-Stainless-Steel-Glass-Central-Door_1601581115636.html","304不锈钢玻璃中央门锁用于玻璃到玻璃门锁10毫米12毫米医院学校应用","glass-door-lock-1601581115636","door-locks","","Door Locks","","{""capacity"":null,""doorWidth"":"""",""dimensions"":"""",""netWeight"":"""",""material"":""SS304"",""finish"":"""",""openingAngle"":"""",""holdOpen"":null,""glassThickness"":""10 mm"",""otherVerifiedFields"":{}}","assets/images/products/placeholders/door-locks.svg","false","partially-verified","[""doorWidth"",""dimensions"",""netWeight"",""finish"",""holdOpen""]","Imported from the seller's public product list. Only title-level facts are populated. Media status: not-used-legacy-branding-or-baked-copy."
"1601581463448","https://www.alibaba.com/product-detail/201-304-Stainless-Steel-Lock-for_1601581463448.html","201/304不锈钢锁用于玻璃门玻璃门锁系统10毫米15毫米公共建筑","glass-door-lock-1601581463448","door-locks","","Door Locks","","{""capacity"":null,""doorWidth"":"""",""dimensions"":"""",""netWeight"":"""",""material"":""SS201 / SS304"",""finish"":"""",""openingAngle"":"""",""holdOpen"":null,""glassThickness"":""10 mm"",""otherVerifiedFields"":{}}","assets/images/products/placeholders/door-locks.svg","false","partially-verified","[""doorWidth"",""dimensions"",""netWeight"",""finish"",""holdOpen""]","Imported from the seller's public product list. Only title-level facts are populated. Media status: not-used-legacy-branding-or-baked-copy."
"1601581519108","https://www.alibaba.com/product-detail/304-Stainless-Steel-Glass-Door-Lock_1601581519108.html","304不锈钢玻璃门锁系统玻璃门锁10-12毫米酒店办公室安全","glass-door-lock-1601581519108","door-locks","","Door Locks","","{""capacity"":null,""doorWidth"":"""",""dimensions"":"""",""netWeight"":"""",""material"":""SS304"",""finish"":"""",""openingAngle"":"""",""holdOpen"":null,""glassThickness"":""10–12 mm"",""otherVerifiedFields"":{}}","assets/images/products/placeholders/door-locks.svg","false","partially-verified","[""doorWidth"",""dimensions"",""netWeight"",""finish"",""holdOpen""]","Imported from the seller's public product list. Only title-level facts are populated. Media status: not-used-legacy-branding-or-baked-copy."
"1601581592143","https://www.alibaba.com/product-detail/No-Drilling-Installation-Glass-Door-Central_1601581592143.html","无钻孔安装玻璃门中控锁系统玻璃至玻璃门锁医院商店商业入口","glass-door-lock-1601581592143","door-locks","","Door Locks","","{""capacity"":null,""doorWidth"":"""",""dimensions"":"""",""netWeight"":"""",""material"":"""",""finish"":"""",""openingAngle"":"""",""holdOpen"":null,""glassThickness"":"""",""otherVerifiedFields"":{}}","assets/images/products/placeholders/door-locks.svg","false","partially-verified","[""doorWidth"",""dimensions"",""netWeight"",""finish"",""holdOpen""]","Imported from the seller's public product list. Only title-level facts are populated. Media status: not-used-legacy-branding-or-baked-copy."
"1601636191673","https://www.alibaba.com/product-detail/High-end-Stainless-Steel-Glass-Door_1601636191673.html","高端不锈钢玻璃门锁厂家直销明装玻璃贴墙门锁","glass-door-lock-1601636191673","door-locks","","Door Locks","","{""capacity"":null,""doorWidth"":"""",""dimensions"":"""",""netWeight"":"""",""material"":""Stainless steel"",""finish"":"""",""openingAngle"":"""",""holdOpen"":null,""glassThickness"":"""",""otherVerifiedFields"":{}}","assets/images/products/placeholders/door-locks.svg","false","partially-verified","[""doorWidth"",""dimensions"",""netWeight"",""finish"",""holdOpen""]","Imported from the seller's public product list. Only title-level facts are populated. Media status: not-used-legacy-branding-or-baked-copy."
"1601808755861","https://www.alibaba.com/product-detail/Wholesale-Custom-Modern-Carved-Aluminum-Panel_1601808755861.html","批发定制现代雕刻铝板拉丝铝板贴面用于外墙天花板装饰防水防火","aluminum-ceiling-system-1601808755861","aluminum-ceiling-systems","","Aluminum Ceiling Systems","","{""capacity"":null,""doorWidth"":"""",""dimensions"":"""",""netWeight"":"""",""material"":"""",""finish"":"""",""openingAngle"":"""",""holdOpen"":null,""glassThickness"":"""",""otherVerifiedFields"":{}}","assets/images/products/placeholders/aluminum-ceiling-systems.svg","false","partially-verified","[""doorWidth"",""dimensions"",""netWeight"",""finish"",""holdOpen""]","Imported from the seller's public product list. Only title-level facts are populated. Media status: not-used-legacy-branding-or-baked-copy."
"1601808740990","https://www.alibaba.com/product-detail/Modern-Laser-Cut-Aluminum-Kinetic-Facade_1601808740990.html","现代激光切割铝制动感幕墙板，适用于酒店和医院，防水防火建筑外饰板","aluminum-architectural-panel-1601808740990","aluminum-panels","","Aluminum Architectural Panels","","{""capacity"":null,""doorWidth"":"""",""dimensions"":"""",""netWeight"":"""",""material"":""Aluminum"",""finish"":"""",""openingAngle"":"""",""holdOpen"":null,""glassThickness"":"""",""otherVerifiedFields"":{}}","assets/images/products/placeholders/aluminum-panels.svg","false","partially-verified","[""doorWidth"",""dimensions"",""netWeight"",""finish"",""holdOpen""]","Imported from the seller's public product list. Only title-level facts are populated. Media status: not-used-legacy-branding-or-baked-copy."
"1601808770794","https://www.alibaba.com/product-detail/Industrial-Design-Aluminium-Carved-Curtain-Wall_1601808770794.html","工业设计铝制雕刻幕墙板，具有防水防火且易于组装的特点，适用于建筑外饰。","decorative-aluminum-panel-1601808770794","aluminum-panels","","Aluminum Architectural Panels","","{""capacity"":null,""doorWidth"":"""",""dimensions"":"""",""netWeight"":"""",""material"":""Aluminum"",""finish"":"""",""openingAngle"":"""",""holdOpen"":null,""glassThickness"":"""",""otherVerifiedFields"":{}}","assets/images/products/placeholders/aluminum-panels.svg","false","partially-verified","[""doorWidth"",""dimensions"",""netWeight"",""finish"",""holdOpen""]","Imported from the seller's public product list. Only title-level facts are populated. Media status: not-used-legacy-branding-or-baked-copy."
"1601808756879","https://www.alibaba.com/product-detail/Carved-Aluminum-Mashrabiya-Decorative-3D-Laser_1601808756879.html","雕刻铝制马沙拉比亚装饰板，3D激光切割金属板，用于商场幕墙，防火防水","decorative-aluminum-panel-1601808756879","aluminum-panels","","Aluminum Architectural Panels","","{""capacity"":null,""doorWidth"":"""",""dimensions"":"""",""netWeight"":"""",""material"":""Aluminum"",""finish"":"""",""openingAngle"":"""",""holdOpen"":null,""glassThickness"":"""",""otherVerifiedFields"":{}}","assets/images/products/placeholders/aluminum-panels.svg","false","partially-verified","[""doorWidth"",""dimensions"",""netWeight"",""finish"",""holdOpen""]","Imported from the seller's public product list. Only title-level facts are populated. Media status: not-used-legacy-branding-or-baked-copy."
"1601808870267","https://www.alibaba.com/product-detail/Customized-Industrial-Aluminum-Curtain-Walls-with_1601808870267.html","定制工业铝幕墙，采用激光切割穿孔设计，防火防水外饰板","perforated-aluminum-panel-1601808870267","aluminum-panels","","Aluminum Architectural Panels","","{""capacity"":null,""doorWidth"":"""",""dimensions"":"""",""netWeight"":"""",""material"":"""",""finish"":"""",""openingAngle"":"""",""holdOpen"":null,""glassThickness"":"""",""otherVerifiedFields"":{}}","assets/images/products/placeholders/aluminum-panels.svg","false","partially-verified","[""doorWidth"",""dimensions"",""netWeight"",""finish"",""holdOpen""]","Imported from the seller's public product list. Only title-level facts are populated. Media status: not-used-legacy-branding-or-baked-copy."
"1601808865314","https://www.alibaba.com/product-detail/Industrial-Embossed-Aluminum-Panels-Carved-Facade_1601808865314.html","工业型压花铝板雕刻幕墙系统 防水防火内外装饰建筑","decorative-aluminum-panel-1601808865314","aluminum-panels","","Aluminum Architectural Panels","","{""capacity"":null,""doorWidth"":"""",""dimensions"":"""",""netWeight"":"""",""material"":"""",""finish"":"""",""openingAngle"":"""",""holdOpen"":null,""glassThickness"":"""",""otherVerifiedFields"":{}}","assets/images/products/placeholders/aluminum-panels.svg","false","partially-verified","[""doorWidth"",""dimensions"",""netWeight"",""finish"",""holdOpen""]","Imported from the seller's public product list. Only title-level facts are populated. Media status: not-used-legacy-branding-or-baked-copy."
"1601808801671","https://www.alibaba.com/product-detail/Customized-Industrial-Carved-Aluminum-Cladding-Panels_1601808801671.html","定制工业雕刻铝板幕墙，用于商场幕墙防火防水建筑外饰系统","decorative-aluminum-panel-1601808801671","aluminum-panels","","Aluminum Architectural Panels","","{""capacity"":null,""doorWidth"":"""",""dimensions"":"""",""netWeight"":"""",""material"":"""",""finish"":"""",""openingAngle"":"""",""holdOpen"":null,""glassThickness"":"""",""otherVerifiedFields"":{}}","assets/images/products/placeholders/aluminum-panels.svg","false","partially-verified","[""doorWidth"",""dimensions"",""netWeight"",""finish"",""holdOpen""]","Imported from the seller's public product list. Only title-level facts are populated. Media status: not-used-legacy-branding-or-baked-copy."
"1601808825531","https://www.alibaba.com/product-detail/Industrial-Building-Facade-Cladding-Board-Aluminium_1601808825531.html","工业建筑外墙板 铝合金幕墙 防水防火 激光切割雕刻板 墙板","decorative-aluminum-panel-1601808825531","aluminum-panels","","Aluminum Architectural Panels","","{""capacity"":null,""doorWidth"":"""",""dimensions"":"""",""netWeight"":"""",""material"":""Aluminum alloy"",""finish"":"""",""openingAngle"":"""",""holdOpen"":null,""glassThickness"":"""",""otherVerifiedFields"":{}}","assets/images/products/placeholders/aluminum-panels.svg","false","partially-verified","[""doorWidth"",""dimensions"",""netWeight"",""finish"",""holdOpen""]","Imported from the seller's public product list. Only title-level facts are populated. Media status: not-used-legacy-branding-or-baked-copy."
"1601808786711","https://www.alibaba.com/product-detail/Customize-Industrial-Aluminum-Panel-Carved-Pattern_1601808786711.html","定制工业铝板雕刻图案天花板隔断幕墙金属屏风商场餐厅墙板","aluminum-ceiling-system-1601808786711","aluminum-ceiling-systems","","Aluminum Ceiling Systems","","{""capacity"":null,""doorWidth"":"""",""dimensions"":"""",""netWeight"":"""",""material"":"""",""finish"":"""",""openingAngle"":"""",""holdOpen"":null,""glassThickness"":"""",""otherVerifiedFields"":{}}","assets/images/products/placeholders/aluminum-ceiling-systems.svg","false","partially-verified","[""doorWidth"",""dimensions"",""netWeight"",""finish"",""holdOpen""]","Imported from the seller's public product list. Only title-level facts are populated. Media status: not-used-legacy-branding-or-baked-copy."
"1601807296725","https://www.alibaba.com/product-detail/Custom-Made-Industrial-Modern-Artistic-Partition_1601807296725.html","定制工业现代艺术隔断装饰雕刻面板铝合金防火户外墙商场办公室","architectural-door-accessory-1601807296725","door-accessories","","Door Accessories","","{""capacity"":null,""doorWidth"":"""",""dimensions"":"""",""netWeight"":"""",""material"":""Aluminum alloy"",""finish"":"""",""openingAngle"":"""",""holdOpen"":null,""glassThickness"":"""",""otherVerifiedFields"":{}}","assets/images/products/placeholders/door-accessories.svg","false","unclear","[""doorWidth"",""dimensions"",""netWeight"",""finish"",""holdOpen""]","Imported from the seller's public product list. Only title-level facts are populated. Media status: not-used-legacy-branding-or-baked-copy."
"1601808849373","https://www.alibaba.com/product-detail/Good-Industrial-Architecture-6000-Series-Aluminium_1601808849373.html","Good Industrial Architecture 6000系列铝制外墙装饰穿孔板幕墙弯曲切割","perforated-aluminum-panel-1601808849373","aluminum-panels","","Aluminum Architectural Panels","","{""capacity"":null,""doorWidth"":"""",""dimensions"":"""",""netWeight"":"""",""material"":""Aluminum"",""finish"":"""",""openingAngle"":"""",""holdOpen"":null,""glassThickness"":"""",""otherVerifiedFields"":{}}","assets/images/products/placeholders/aluminum-panels.svg","false","partially-verified","[""doorWidth"",""dimensions"",""netWeight"",""finish"",""holdOpen""]","Imported from the seller's public product list. Only title-level facts are populated. Media status: not-used-legacy-branding-or-baked-copy."
"1601808730410","https://www.alibaba.com/product-detail/Modern-White-Aluminum-Vertical-Slat-Fence_1601808730410.html","现代白色铝制垂直板条栅栏板，具有防锈、防水、防紫外线功能，易于安装，适合户外隐私保护","aluminum-privacy-fence-1601808730410","aluminum-fencing","","Aluminum Fencing","","{""capacity"":null,""doorWidth"":"""",""dimensions"":"""",""netWeight"":"""",""material"":""Aluminum"",""finish"":"""",""openingAngle"":"""",""holdOpen"":null,""glassThickness"":"""",""otherVerifiedFields"":{}}","assets/images/products/aluminum-fencing/aluminum-privacy-fence-1601808730410/main.avif","false","partially-verified","[""doorWidth"",""dimensions"",""netWeight"",""finish"",""holdOpen""]","Imported from the seller's public product list. Only title-level facts are populated. Media status: approved-clean-listing-image."
"1601808755186","https://www.alibaba.com/product-detail/Modern-Design-Curved-Outdoor-Aluminum-Sandwich_1601808755186.html","现代设计弧形户外铝制夹层天花板，具有防锈功能","aluminum-ceiling-system-1601808755186","aluminum-ceiling-systems","","Aluminum Ceiling Systems","","{""capacity"":null,""doorWidth"":"""",""dimensions"":"""",""netWeight"":"""",""material"":""Aluminum"",""finish"":"""",""openingAngle"":"""",""holdOpen"":null,""glassThickness"":"""",""otherVerifiedFields"":{}}","assets/images/products/aluminum-ceiling-systems/aluminum-ceiling-system-1601808755186/main.avif","false","partially-verified","[""doorWidth"",""dimensions"",""netWeight"",""finish"",""holdOpen""]","Imported from the seller's public product list. Only title-level facts are populated. Media status: approved-clean-listing-image."
"1601808689530","https://www.alibaba.com/product-detail/Modern-White-Aluminum-Vertical-Slat-Fence_1601808689530.html","现代白色铝制垂直板条栅栏板 防紫外线 防水防锈 安装方便 5年以上保修","aluminum-privacy-fence-1601808689530","aluminum-fencing","","Aluminum Fencing","","{""capacity"":null,""doorWidth"":"""",""dimensions"":"""",""netWeight"":"""",""material"":""Aluminum"",""finish"":"""",""openingAngle"":"""",""holdOpen"":null,""glassThickness"":"""",""otherVerifiedFields"":{}}","assets/images/products/aluminum-fencing/aluminum-privacy-fence-1601808689530/main.avif","false","partially-verified","[""doorWidth"",""dimensions"",""netWeight"",""finish"",""holdOpen""]","Imported from the seller's public product list. Only title-level facts are populated. Media status: approved-clean-listing-image."
"1601808646834","https://www.alibaba.com/product-detail/Versatile-Aluminium-Plastic-Perforated-Sheets-with_1601808646834.html","多功能铝塑穿孔板，适合户外使用，设计现代，安装方便，防锈。","perforated-aluminum-panel-1601808646834","aluminum-panels","","Aluminum Architectural Panels","","{""capacity"":null,""doorWidth"":"""",""dimensions"":"""",""netWeight"":"""",""material"":"""",""finish"":"""",""openingAngle"":"""",""holdOpen"":null,""glassThickness"":"""",""otherVerifiedFields"":{}}","assets/images/products/aluminum-panels/perforated-aluminum-panel-1601808646834/main.avif","false","partially-verified","[""doorWidth"",""dimensions"",""netWeight"",""finish"",""holdOpen""]","Imported from the seller's public product list. Only title-level facts are populated. Media status: approved-clean-listing-image."
"1601808679676","https://www.alibaba.com/product-detail/Custom-Modern-Laser-Cut-Aluminum-Panel_1601808679676.html","定制现代激光切割铝板，用于花园隐私墙和户外空间，易于安装，防水防锈","aluminum-architectural-panel-1601808679676","aluminum-panels","","Aluminum Architectural Panels","","{""capacity"":null,""doorWidth"":"""",""dimensions"":"""",""netWeight"":"""",""material"":"""",""finish"":"""",""openingAngle"":"""",""holdOpen"":null,""glassThickness"":"""",""otherVerifiedFields"":{}}","assets/images/products/aluminum-panels/aluminum-architectural-panel-1601808679676/main.avif","false","partially-verified","[""doorWidth"",""dimensions"",""netWeight"",""finish"",""holdOpen""]","Imported from the seller's public product list. Only title-level facts are populated. Media status: approved-clean-listing-image."
"1601808760114","https://www.alibaba.com/product-detail/Black-Aluminum-Modern-Vertical-Slat-Privacy_1601808760114.html","黑色铝制现代式垂直板条隐私围栏板，易于安装，防水防锈，适合户外使用","aluminum-privacy-fence-1601808760114","aluminum-fencing","","Aluminum Fencing","","{""capacity"":null,""doorWidth"":"""",""dimensions"":"""",""netWeight"":"""",""material"":""Aluminum"",""finish"":"""",""openingAngle"":"""",""holdOpen"":null,""glassThickness"":"""",""otherVerifiedFields"":{}}","assets/images/products/aluminum-fencing/aluminum-privacy-fence-1601808760114/main.avif","false","partially-verified","[""doorWidth"",""dimensions"",""netWeight"",""finish"",""holdOpen""]","Imported from the seller's public product list. Only title-level facts are populated. Media status: approved-clean-listing-image."
"1601808629879","https://www.alibaba.com/product-detail/Modern-Aluminum-Louvre-Privacy-Fence-Panel_1601808629879.html","现代铝制百叶窗式隐私围栏板，安装方便，防水、防紫外线、防锈，适用于户外花园","aluminum-privacy-fence-1601808629879","aluminum-fencing","","Aluminum Fencing","","{""capacity"":null,""doorWidth"":"""",""dimensions"":"""",""netWeight"":"""",""material"":""Aluminum"",""finish"":"""",""openingAngle"":"""",""holdOpen"":null,""glassThickness"":"""",""otherVerifiedFields"":{}}","assets/images/products/aluminum-fencing/aluminum-privacy-fence-1601808629879/main.avif","false","partially-verified","[""doorWidth"",""dimensions"",""netWeight"",""finish"",""holdOpen""]","Imported from the seller's public product list. Only title-level facts are populated. Media status: approved-clean-listing-image."
"1601808702518","https://www.alibaba.com/product-detail/Modern-Easy-Install-Anti-Climb-Vertical_1601808702518.html","现代式易于安装的防攀爬垂直刀片铝制隐私板，防锈，适用于花园围栏","aluminum-privacy-fence-1601808702518","aluminum-fencing","","Aluminum Fencing","","{""capacity"":null,""doorWidth"":"""",""dimensions"":"""",""netWeight"":"""",""material"":""Aluminum"",""finish"":"""",""openingAngle"":"""",""holdOpen"":null,""glassThickness"":"""",""otherVerifiedFields"":{}}","assets/images/products/aluminum-fencing/aluminum-privacy-fence-1601808702518/main.avif","false","partially-verified","[""doorWidth"",""dimensions"",""netWeight"",""finish"",""holdOpen""]","Imported from the seller's public product list. Only title-level facts are populated. Media status: approved-clean-listing-image."
"1601808720367","https://www.alibaba.com/product-detail/Modern-Style-Black-Aluminum-Slat-Privacy_1601808720367.html","现代风格黑色铝制板条隐私围栏板 易于安装 防水防锈 5年保修 适合户外使用","aluminum-privacy-fence-1601808720367","aluminum-fencing","","Aluminum Fencing","","{""capacity"":null,""doorWidth"":"""",""dimensions"":"""",""netWeight"":"""",""material"":""Aluminum"",""finish"":"""",""openingAngle"":"""",""holdOpen"":null,""glassThickness"":"""",""otherVerifiedFields"":{}}","assets/images/products/aluminum-fencing/aluminum-privacy-fence-1601808720367/main.avif","false","partially-verified","[""doorWidth"",""dimensions"",""netWeight"",""finish"",""holdOpen""]","Imported from the seller's public product list. Only title-level facts are populated. Media status: approved-clean-listing-image."
"1601808598919","https://www.alibaba.com/product-detail/Modern-Heavy-Duty-Aluminum-Alloy-Garden_1601808598919.html","现代重型铝合金花园安全门，带铰链和锁具，易于安装，适用于室外花园入口","aluminum-alloy-architectural-door-hinge-1601808598919","architectural-hinges","","Architectural Hinges","","{""capacity"":null,""doorWidth"":"""",""dimensions"":"""",""netWeight"":"""",""material"":""Aluminum alloy"",""finish"":"""",""openingAngle"":"""",""holdOpen"":null,""glassThickness"":"""",""otherVerifiedFields"":{}}","assets/images/products/architectural-hinges/aluminum-alloy-architectural-door-hinge-1601808598919/main.avif","false","partially-verified","[""doorWidth"",""dimensions"",""netWeight"",""finish"",""holdOpen""]","Imported from the seller's public product list. Only title-level facts are populated. Media status: approved-clean-listing-image."
"1601807373514","https://www.alibaba.com/product-detail/Honeycomb-Aluminum-Sandwich-Wall-Panel-with_1601807373514.html","具有防火防水功能的蜂窝铝夹层墙板，环保且适合现代外饰设计","aluminum-honeycomb-panel-1601807373514","aluminum-panels","","Aluminum Architectural Panels","","{""capacity"":null,""doorWidth"":"""",""dimensions"":"""",""netWeight"":"""",""material"":"""",""finish"":"""",""openingAngle"":"""",""holdOpen"":null,""glassThickness"":"""",""otherVerifiedFields"":{}}","assets/images/products/placeholders/aluminum-panels.svg","false","partially-verified","[""doorWidth"",""dimensions"",""netWeight"",""finish"",""holdOpen""]","Imported from the seller's public product list. Only title-level facts are populated. Media status: not-used-legacy-branding-or-baked-copy."
"1601807440137","https://www.alibaba.com/product-detail/Modern-Moisture-Proof-Honeycomb-Aluminum-Alloy_1601807440137.html","现代防潮蜂窝铝合金墙板-防静电防火防水环保2年保修室内用","aluminum-honeycomb-panel-1601807440137","aluminum-panels","","Aluminum Architectural Panels","","{""capacity"":null,""doorWidth"":"""",""dimensions"":"""",""netWeight"":"""",""material"":""Aluminum alloy"",""finish"":"""",""openingAngle"":"""",""holdOpen"":null,""glassThickness"":"""",""otherVerifiedFields"":{}}","assets/images/products/placeholders/aluminum-panels.svg","false","partially-verified","[""doorWidth"",""dimensions"",""netWeight"",""finish"",""holdOpen""]","Imported from the seller's public product list. Only title-level facts are populated. Media status: not-used-legacy-branding-or-baked-copy."
"1601807413330","https://www.alibaba.com/product-detail/Eco-friendly-Waterproof-PVC-Film-Coated_1601807413330.html","环保防水PVC薄膜涂层铝蜂窝现代设计防火墙板和天花板板","aluminum-ceiling-system-1601807413330","aluminum-ceiling-systems","","Aluminum Ceiling Systems","","{""capacity"":null,""doorWidth"":"""",""dimensions"":"""",""netWeight"":"""",""material"":""PVC"",""finish"":"""",""openingAngle"":"""",""holdOpen"":null,""glassThickness"":"""",""otherVerifiedFields"":{}}","assets/images/products/placeholders/aluminum-ceiling-systems.svg","false","partially-verified","[""doorWidth"",""dimensions"",""netWeight"",""finish"",""holdOpen""]","Imported from the seller's public product list. Only title-level facts are populated. Media status: not-used-legacy-branding-or-baked-copy."
"1601807310889","https://www.alibaba.com/product-detail/Aluminum-Honeycomb-Panel-Lightweight-Decorative-Wall_1601807310889.html","铝蜂窝板轻质装饰墙板防火内墙装饰板用于天花板墙面系统","aluminum-ceiling-system-1601807310889","aluminum-ceiling-systems","","Aluminum Ceiling Systems","","{""capacity"":null,""doorWidth"":"""",""dimensions"":"""",""netWeight"":"""",""material"":"""",""finish"":"""",""openingAngle"":"""",""holdOpen"":null,""glassThickness"":"""",""otherVerifiedFields"":{}}","assets/images/products/placeholders/aluminum-ceiling-systems.svg","false","partially-verified","[""doorWidth"",""dimensions"",""netWeight"",""finish"",""holdOpen""]","Imported from the seller's public product list. Only title-level facts are populated. Media status: not-used-legacy-branding-or-baked-copy."
"1601807390449","https://www.alibaba.com/product-detail/Aluminum-Honeycomb-Decorative-Sandwich-Panel-with_1601807390449.html","现代设计铝蜂窝装饰夹层板，防水防火，环保，价格有竞争力","aluminum-honeycomb-panel-1601807390449","aluminum-panels","","Aluminum Architectural Panels","","{""capacity"":null,""doorWidth"":"""",""dimensions"":"""",""netWeight"":"""",""material"":"""",""finish"":"""",""openingAngle"":"""",""holdOpen"":null,""glassThickness"":"""",""otherVerifiedFields"":{}}","assets/images/products/placeholders/aluminum-panels.svg","false","partially-verified","[""doorWidth"",""dimensions"",""netWeight"",""finish"",""holdOpen""]","Imported from the seller's public product list. Only title-level facts are populated. Media status: not-used-legacy-branding-or-baked-copy."
"1601807378446","https://www.alibaba.com/product-detail/Aluminum-Honeycomb-Metal-Sandwich-Panels-Fireproof_1601807378446.html","铝蜂窝金属夹芯板防火防水环保现代墙面装饰酒店建筑板材","aluminum-honeycomb-panel-1601807378446","aluminum-panels","","Aluminum Architectural Panels","","{""capacity"":null,""doorWidth"":"""",""dimensions"":"""",""netWeight"":"""",""material"":"""",""finish"":"""",""openingAngle"":"""",""holdOpen"":null,""glassThickness"":"""",""otherVerifiedFields"":{}}","assets/images/products/placeholders/aluminum-panels.svg","false","partially-verified","[""doorWidth"",""dimensions"",""netWeight"",""finish"",""holdOpen""]","Imported from the seller's public product list. Only title-level facts are populated. Media status: not-used-legacy-branding-or-baked-copy."
"1601807464005","https://www.alibaba.com/product-detail/Hot-Sale-Modern-Design-Aluminum-Honeycomb_1601807464005.html","热销现代设计铝蜂窝板，具有防火防水功能，适用于外墙装饰，环保友好。","aluminum-honeycomb-panel-1601807464005","aluminum-panels","","Aluminum Architectural Panels","","{""capacity"":null,""doorWidth"":"""",""dimensions"":"""",""netWeight"":"""",""material"":"""",""finish"":"""",""openingAngle"":"""",""holdOpen"":null,""glassThickness"":"""",""otherVerifiedFields"":{}}","assets/images/products/placeholders/aluminum-panels.svg","false","partially-verified","[""doorWidth"",""dimensions"",""netWeight"",""finish"",""holdOpen""]","Imported from the seller's public product list. Only title-level facts are populated. Media status: not-used-legacy-branding-or-baked-copy."
"1601807316831","https://www.alibaba.com/product-detail/Aluminum-Honeycomb-Metal-Sandwich-Panels-Fireproof_1601807316831.html","铝蜂窝金属夹芯板防火防水墙面装饰建筑板用于酒店外墙保温","aluminum-honeycomb-panel-1601807316831","aluminum-panels","","Aluminum Architectural Panels","","{""capacity"":null,""doorWidth"":"""",""dimensions"":"""",""netWeight"":"""",""material"":"""",""finish"":"""",""openingAngle"":"""",""holdOpen"":null,""glassThickness"":"""",""otherVerifiedFields"":{}}","assets/images/products/placeholders/aluminum-panels.svg","false","partially-verified","[""doorWidth"",""dimensions"",""netWeight"",""finish"",""holdOpen""]","Imported from the seller's public product list. Only title-level facts are populated. Media status: not-used-legacy-branding-or-baked-copy."
"1601807340676","https://www.alibaba.com/product-detail/Custom-Aluminium-Honeycomb-Sandwich-Panel-for_1601807340676.html","定制铝制蜂窝夹层板，适用于门类产品，高品质，防火防水，环保，2年保修","aluminum-honeycomb-panel-1601807340676","aluminum-panels","","Aluminum Architectural Panels","","{""capacity"":null,""doorWidth"":"""",""dimensions"":"""",""netWeight"":"""",""material"":""Aluminum"",""finish"":"""",""openingAngle"":"""",""holdOpen"":null,""glassThickness"":"""",""otherVerifiedFields"":{}}","assets/images/products/placeholders/aluminum-panels.svg","false","partially-verified","[""doorWidth"",""dimensions"",""netWeight"",""finish"",""holdOpen""]","Imported from the seller's public product list. Only title-level facts are populated. Media status: not-used-legacy-branding-or-baked-copy."
"1601807292982","https://www.alibaba.com/product-detail/Wall-Building-Material-Metal-Composite-Aluminum_1601807292982.html","墙体建筑材料金属复合铝蜂窝板防火防水环保现代设计","aluminum-honeycomb-panel-1601807292982","aluminum-panels","","Aluminum Architectural Panels","","{""capacity"":null,""doorWidth"":"""",""dimensions"":"""",""netWeight"":"""",""material"":"""",""finish"":"""",""openingAngle"":"""",""holdOpen"":null,""glassThickness"":"""",""otherVerifiedFields"":{}}","assets/images/products/placeholders/aluminum-panels.svg","false","partially-verified","[""doorWidth"",""dimensions"",""netWeight"",""finish"",""holdOpen""]","Imported from the seller's public product list. Only title-level facts are populated. Media status: not-used-legacy-branding-or-baked-copy."
"1601802428739","https://www.alibaba.com/product-detail/Custom-Shaped-Aluminum-Veneer-Exterior-Decoration_1601802428739.html","定制形状铝板外饰幕墙，适用于现代建筑外墙，防水防锈","aluminum-architectural-panel-1601802428739","aluminum-panels","","Aluminum Architectural Panels","","{""capacity"":null,""doorWidth"":"""",""dimensions"":"""",""netWeight"":"""",""material"":"""",""finish"":"""",""openingAngle"":"""",""holdOpen"":null,""glassThickness"":"""",""otherVerifiedFields"":{}}","assets/images/products/aluminum-panels/aluminum-architectural-panel-1601802428739/main.avif","false","partially-verified","[""doorWidth"",""dimensions"",""netWeight"",""finish"",""holdOpen""]","Imported from the seller's public product list. Only title-level facts are populated. Media status: approved-clean-listing-image."
"1601802545081","https://www.alibaba.com/product-detail/Modern-Aluminum-Alloy-Veneer-Exterior-Facade_1601802545081.html","现代铝合金饰面外墙装饰圆柱外饰柱，适合户外使用","aluminum-architectural-panel-1601802545081","aluminum-panels","","Aluminum Architectural Panels","","{""capacity"":null,""doorWidth"":"""",""dimensions"":"""",""netWeight"":"""",""material"":""Aluminum alloy"",""finish"":"""",""openingAngle"":"""",""holdOpen"":null,""glassThickness"":"""",""otherVerifiedFields"":{}}","assets/images/products/aluminum-panels/aluminum-architectural-panel-1601802545081/main.avif","false","partially-verified","[""doorWidth"",""dimensions"",""netWeight"",""finish"",""holdOpen""]","Imported from the seller's public product list. Only title-level facts are populated. Media status: approved-clean-listing-image."
"1601802455588","https://www.alibaba.com/product-detail/Modern-Aluminum-Column-Cladding-Panels-Anti_1601802455588.html","现代铝柱外饰板——防腐防水定制设计，适用于机场商场及外部应用","aluminum-architectural-panel-1601802455588","aluminum-panels","","Aluminum Architectural Panels","","{""capacity"":null,""doorWidth"":"""",""dimensions"":"""",""netWeight"":"""",""material"":"""",""finish"":"""",""openingAngle"":"""",""holdOpen"":null,""glassThickness"":"""",""otherVerifiedFields"":{}}","assets/images/products/aluminum-panels/aluminum-architectural-panel-1601802455588/main.avif","false","partially-verified","[""doorWidth"",""dimensions"",""netWeight"",""finish"",""holdOpen""]","Imported from the seller's public product list. Only title-level facts are populated. Media status: approved-clean-listing-image."
"1601802530206","https://www.alibaba.com/product-detail/Perforated-Aluminum-Alloy-Column-Cladding-Panel_1601802530206.html","穿孔铝合金柱面覆板——现代设计、定制色彩、低成本解决方案，适用于室外酒店、办公室大堂","perforated-aluminum-panel-1601802530206","aluminum-panels","","Aluminum Architectural Panels","","{""capacity"":null,""doorWidth"":"""",""dimensions"":"""",""netWeight"":"""",""material"":""Aluminum alloy"",""finish"":"""",""openingAngle"":"""",""holdOpen"":null,""glassThickness"":"""",""otherVerifiedFields"":{}}","assets/images/products/aluminum-panels/perforated-aluminum-panel-1601802530206/main.avif","false","partially-verified","[""doorWidth"",""dimensions"",""netWeight"",""finish"",""holdOpen""]","Imported from the seller's public product list. Only title-level facts are populated. Media status: approved-clean-listing-image."
"1601802492378","https://www.alibaba.com/product-detail/Architectural-Aluminum-Veneer-Strips-Residential-Structural_1601802492378.html","建筑铝板条、住宅结构型材、外墙饰面板、柱子","aluminum-architectural-panel-1601802492378","aluminum-panels","","Aluminum Architectural Panels","","{""capacity"":null,""doorWidth"":"""",""dimensions"":"""",""netWeight"":"""",""material"":"""",""finish"":"""",""openingAngle"":"""",""holdOpen"":null,""glassThickness"":"""",""otherVerifiedFields"":{}}","assets/images/products/aluminum-panels/aluminum-architectural-panel-1601802492378/main.avif","false","partially-verified","[""doorWidth"",""dimensions"",""netWeight"",""finish"",""holdOpen""]","Imported from the seller's public product list. Only title-level facts are populated. Media status: approved-clean-listing-image."
"1601807325521","https://www.alibaba.com/product-detail/Custom-Outdoor-Aluminum-Carved-Panel-Outdoor_1601807325521.html","定制户外铝雕板户外金属板幕墙外饰面","decorative-aluminum-panel-1601807325521","aluminum-panels","","Aluminum Architectural Panels","","{""capacity"":null,""doorWidth"":"""",""dimensions"":"""",""netWeight"":"""",""material"":"""",""finish"":"""",""openingAngle"":"""",""holdOpen"":null,""glassThickness"":"""",""otherVerifiedFields"":{}}","assets/images/products/placeholders/aluminum-panels.svg","false","partially-verified","[""doorWidth"",""dimensions"",""netWeight"",""finish"",""holdOpen""]","Imported from the seller's public product list. Only title-level facts are populated. Media status: not-used-legacy-branding-or-baked-copy."
"1601807346389","https://www.alibaba.com/product-detail/Modern-Industrial-Aluminum-Decorative-Panel-PVDF_1601807346389.html","现代工业铝装饰板 PVDF 涂层穿孔雕花饰面幕墙防火防水","perforated-aluminum-panel-1601807346389","aluminum-panels","","Aluminum Architectural Panels","","{""capacity"":null,""doorWidth"":"""",""dimensions"":"""",""netWeight"":"""",""material"":"""",""finish"":"""",""openingAngle"":"""",""holdOpen"":null,""glassThickness"":"""",""otherVerifiedFields"":{}}","assets/images/products/placeholders/aluminum-panels.svg","false","partially-verified","[""doorWidth"",""dimensions"",""netWeight"",""finish"",""holdOpen""]","Imported from the seller's public product list. Only title-level facts are populated. Media status: not-used-legacy-branding-or-baked-copy."
"1601807279846","https://www.alibaba.com/product-detail/Perforated-Aluminum-Veneer-Customized-Carved-Facade_1601807279846.html","穿孔铝板定制雕刻外墙板，适用于现代医院和别墅幕墙-防火防水","perforated-aluminum-panel-1601807279846","aluminum-panels","","Aluminum Architectural Panels","","{""capacity"":null,""doorWidth"":"""",""dimensions"":"""",""netWeight"":"""",""material"":"""",""finish"":"""",""openingAngle"":"""",""holdOpen"":null,""glassThickness"":"""",""otherVerifiedFields"":{}}","assets/images/products/placeholders/aluminum-panels.svg","false","partially-verified","[""doorWidth"",""dimensions"",""netWeight"",""finish"",""holdOpen""]","Imported from the seller's public product list. Only title-level facts are populated. Media status: not-used-legacy-branding-or-baked-copy."
"1601807378159","https://www.alibaba.com/product-detail/Customized-Aluminum-Perforated-Curtain-Walls-for_1601807378159.html","定制户外用铝制穿孔幕墙-防水防火工业设计","perforated-aluminum-panel-1601807378159","aluminum-panels","","Aluminum Architectural Panels","","{""capacity"":null,""doorWidth"":"""",""dimensions"":"""",""netWeight"":"""",""material"":""Aluminum"",""finish"":"""",""openingAngle"":"""",""holdOpen"":null,""glassThickness"":"""",""otherVerifiedFields"":{}}","assets/images/products/placeholders/aluminum-panels.svg","false","partially-verified","[""doorWidth"",""dimensions"",""netWeight"",""finish"",""holdOpen""]","Imported from the seller's public product list. Only title-level facts are populated. Media status: not-used-legacy-branding-or-baked-copy."
"1601807284722","https://www.alibaba.com/product-detail/Modern-Design-Embossed-Aluminium-Panels-Carved_1601807284722.html","现代设计浮雕铝板雕刻外墙系统室内室外建筑装饰商场酒店医院","decorative-aluminum-panel-1601807284722","aluminum-panels","","Aluminum Architectural Panels","","{""capacity"":null,""doorWidth"":"""",""dimensions"":"""",""netWeight"":"""",""material"":"""",""finish"":"""",""openingAngle"":"""",""holdOpen"":null,""glassThickness"":"""",""otherVerifiedFields"":{}}","assets/images/products/placeholders/aluminum-panels.svg","false","partially-verified","[""doorWidth"",""dimensions"",""netWeight"",""finish"",""holdOpen""]","Imported from the seller's public product list. Only title-level facts are populated. Media status: not-used-legacy-branding-or-baked-copy."
"1601807273814","https://www.alibaba.com/product-detail/Carved-Industrial-Aluminum-Mashrabiya-Decorative-Cladding_1601807273814.html","雕刻工业铝制马沙拉比亚装饰板 3D 激光切割金属户外幕墙，适用于酒店防火","decorative-aluminum-panel-1601807273814","aluminum-panels","","Aluminum Architectural Panels","","{""capacity"":null,""doorWidth"":"""",""dimensions"":"""",""netWeight"":"""",""material"":""Aluminum"",""finish"":"""",""openingAngle"":"""",""holdOpen"":null,""glassThickness"":"""",""otherVerifiedFields"":{}}","assets/images/products/placeholders/aluminum-panels.svg","false","partially-verified","[""doorWidth"",""dimensions"",""netWeight"",""finish"",""holdOpen""]","Imported from the seller's public product list. Only title-level facts are populated. Media status: not-used-legacy-branding-or-baked-copy."
"1601807343390","https://www.alibaba.com/product-detail/Modern-Industrial-Carved-Perforated-Aluminum-Alloy_1601807343390.html","现代工业雕刻穿孔铝合金幕墙建筑装饰屏风隔断外墙防水防火","perforated-aluminum-panel-1601807343390","aluminum-panels","","Aluminum Architectural Panels","","{""capacity"":null,""doorWidth"":"""",""dimensions"":"""",""netWeight"":"""",""material"":""Aluminum alloy"",""finish"":"""",""openingAngle"":"""",""holdOpen"":null,""glassThickness"":"""",""otherVerifiedFields"":{}}","assets/images/products/placeholders/aluminum-panels.svg","false","partially-verified","[""doorWidth"",""dimensions"",""netWeight"",""finish"",""holdOpen""]","Imported from the seller's public product list. Only title-level facts are populated. Media status: not-used-legacy-branding-or-baked-copy."
"1601807361204","https://www.alibaba.com/product-detail/Customized-Carved-Aluminum-Cladding-Panels-Fireproof_1601807361204.html","定制雕刻铝板防火防水工业设计幕墙，用于建筑外墙","decorative-aluminum-panel-1601807361204","aluminum-panels","","Aluminum Architectural Panels","","{""capacity"":null,""doorWidth"":"""",""dimensions"":"""",""netWeight"":"""",""material"":"""",""finish"":"""",""openingAngle"":"""",""holdOpen"":null,""glassThickness"":"""",""otherVerifiedFields"":{}}","assets/images/products/placeholders/aluminum-panels.svg","false","partially-verified","[""doorWidth"",""dimensions"",""netWeight"",""finish"",""holdOpen""]","Imported from the seller's public product list. Only title-level facts are populated. Media status: not-used-legacy-branding-or-baked-copy."
"1601807264641","https://www.alibaba.com/product-detail/Custom-Industrial-CNC-Laser-Cut-Perforated_1601807264641.html","定制工业数控激光切割穿孔铝屏风面板，防火防水装饰金属幕墙，适用于医院","perforated-aluminum-panel-1601807264641","aluminum-panels","","Aluminum Architectural Panels","","{""capacity"":null,""doorWidth"":"""",""dimensions"":"""",""netWeight"":"""",""material"":"""",""finish"":"""",""openingAngle"":"""",""holdOpen"":null,""glassThickness"":"""",""otherVerifiedFields"":{}}","assets/images/products/placeholders/aluminum-panels.svg","false","partially-verified","[""doorWidth"",""dimensions"",""netWeight"",""finish"",""holdOpen""]","Imported from the seller's public product list. Only title-level facts are populated. Media status: not-used-legacy-branding-or-baked-copy."
"1601807465193","https://www.alibaba.com/product-detail/Decorative-Woven-Aluminum-Alloy-Perforated-Metal_1601807465193.html","装饰性菱形图案编织铝合金穿孔金属网屏风面板","perforated-aluminum-panel-1601807465193","aluminum-panels","","Aluminum Architectural Panels","","{""capacity"":null,""doorWidth"":"""",""dimensions"":"""",""netWeight"":"""",""material"":""Aluminum alloy"",""finish"":"""",""openingAngle"":"""",""holdOpen"":null,""glassThickness"":"""",""otherVerifiedFields"":{}}","assets/images/products/placeholders/aluminum-panels.svg","false","partially-verified","[""doorWidth"",""dimensions"",""netWeight"",""finish"",""holdOpen""]","Imported from the seller's public product list. Only title-level facts are populated. Media status: not-used-legacy-branding-or-baked-copy."
"1601807346877","https://www.alibaba.com/product-detail/Woven-Aluminum-Wall-Panels-Decorative-Metal_1601807346877.html","编织铝墙板 装饰金属丝网 内外墙面材 CE认证 长效耐用材料","architectural-door-accessory-1601807346877","door-accessories","","Door Accessories","","{""capacity"":null,""doorWidth"":"""",""dimensions"":"""",""netWeight"":"""",""material"":"""",""finish"":"""",""openingAngle"":"""",""holdOpen"":null,""glassThickness"":"""",""otherVerifiedFields"":{}}","assets/images/products/placeholders/door-accessories.svg","false","unclear","[""doorWidth"",""dimensions"",""netWeight"",""finish"",""holdOpen""]","Imported from the seller's public product list. Only title-level facts are populated. Media status: not-used-legacy-branding-or-baked-copy."
"1601807419443","https://www.alibaba.com/product-detail/High-Quality-Woven-Aluminum-Alloy-Perforated_1601807419443.html","高品质编织铝合金穿孔板，用于建筑外墙、装饰通风屏和建筑设计","perforated-aluminum-panel-1601807419443","aluminum-panels","","Aluminum Architectural Panels","","{""capacity"":null,""doorWidth"":"""",""dimensions"":"""",""netWeight"":"""",""material"":""Aluminum alloy"",""finish"":"""",""openingAngle"":"""",""holdOpen"":null,""glassThickness"":"""",""otherVerifiedFields"":{}}","assets/images/products/placeholders/aluminum-panels.svg","false","partially-verified","[""doorWidth"",""dimensions"",""netWeight"",""finish"",""holdOpen""]","Imported from the seller's public product list. Only title-level facts are populated. Media status: not-used-legacy-branding-or-baked-copy."
"1601807377636","https://www.alibaba.com/product-detail/Factory-Low-Price-Decorative-Aluminum-Alloy_1601807377636.html","工厂低价装饰用铝合金编织菱形金属网墙板","architectural-door-accessory-1601807377636","door-accessories","","Door Accessories","","{""capacity"":null,""doorWidth"":"""",""dimensions"":"""",""netWeight"":"""",""material"":""Aluminum alloy"",""finish"":"""",""openingAngle"":"""",""holdOpen"":null,""glassThickness"":"""",""otherVerifiedFields"":{}}","assets/images/products/placeholders/door-accessories.svg","false","unclear","[""doorWidth"",""dimensions"",""netWeight"",""finish"",""holdOpen""]","Imported from the seller's public product list. Only title-level facts are populated. Media status: not-used-legacy-branding-or-baked-copy."
"1601807390541","https://www.alibaba.com/product-detail/Aluminum-Lattice-Screen-Panel-Metal-Perforated_1601807390541.html","铝制格栅屏风板金属穿孔雕刻天花板室内装饰墙板激光切割","aluminum-ceiling-system-1601807390541","aluminum-ceiling-systems","","Aluminum Ceiling Systems","","{""capacity"":null,""doorWidth"":"""",""dimensions"":"""",""netWeight"":"""",""material"":""Aluminum"",""finish"":"""",""openingAngle"":"""",""holdOpen"":null,""glassThickness"":"""",""otherVerifiedFields"":{}}","assets/images/products/placeholders/aluminum-ceiling-systems.svg","false","partially-verified","[""doorWidth"",""dimensions"",""netWeight"",""finish"",""holdOpen""]","Imported from the seller's public product list. Only title-level facts are populated. Media status: not-used-legacy-branding-or-baked-copy."
"1601452530061","https://www.alibaba.com/product-detail/Heavy-duty-Glass-Door-Floor-Spring_1601452530061.html","重型玻璃门地板弹簧OEM门控五金供应商办公楼铝防火门地面弹簧","hydraulic-floor-spring-1601452530061","floor-springs","","Floor Springs","","{""capacity"":null,""doorWidth"":"""",""dimensions"":"""",""netWeight"":"""",""material"":"""",""finish"":"""",""openingAngle"":"""",""holdOpen"":null,""glassThickness"":"""",""otherVerifiedFields"":{}}","assets/images/products/placeholders/floor-springs.svg","false","partially-verified","[""doorWidth"",""dimensions"",""netWeight"",""finish"",""holdOpen""]","Imported from the seller's public product list. Only title-level facts are populated. Media status: not-used-legacy-branding-or-baked-copy."
"1601602652782","https://www.alibaba.com/product-detail/201-304-Non-digging-Glass-Door_1601602652782.html","201/304非挖掘玻璃门铰链木门贴片配件最大闸门重量110公斤","ss201-ss304-architectural-door-hinge-1601602652782","architectural-hinges","","Architectural Hinges","","{""capacity"":110,""doorWidth"":"""",""dimensions"":"""",""netWeight"":"""",""material"":""SS201 / SS304"",""finish"":"""",""openingAngle"":"""",""holdOpen"":null,""glassThickness"":"""",""otherVerifiedFields"":{}}","assets/images/products/placeholders/architectural-hinges.svg","false","partially-verified","[""doorWidth"",""dimensions"",""netWeight"",""finish"",""holdOpen""]","Imported from the seller's public product list. Only title-level facts are populated. Media status: not-used-legacy-branding-or-baked-copy."
"1601679337276","https://www.alibaba.com/product-detail/Stainless-Steel-Glass-Door-Floor-Spring_1601679337276.html","不锈钢玻璃门地弹簧闭门器最大门宽1800毫米重型可调两速地弹簧","hydraulic-floor-spring-1601679337276","floor-springs","","Floor Springs","","{""capacity"":null,""doorWidth"":""≤ 1800 mm"",""dimensions"":"""",""netWeight"":"""",""material"":""Stainless steel"",""finish"":"""",""openingAngle"":"""",""holdOpen"":null,""glassThickness"":"""",""otherVerifiedFields"":{}}","assets/images/products/placeholders/floor-springs.svg","false","partially-verified","[""dimensions"",""netWeight"",""finish"",""holdOpen""]","Imported from the seller's public product list. Only title-level facts are populated. Media status: not-used-legacy-branding-or-baked-copy."
"1601004028021","https://www.alibaba.com/product-detail/Glass-to-Glass-90-Degree-Frameless_1601004028021.html","玻璃对玻璃90度无框淋浴玻璃门铰链 淋浴门铰链","shower-door-hinge-90-1601004028021","shower-hardware","","Shower Hardware","","{""capacity"":null,""doorWidth"":"""",""dimensions"":"""",""netWeight"":"""",""material"":"""",""finish"":"""",""openingAngle"":""90°"",""holdOpen"":null,""glassThickness"":"""",""otherVerifiedFields"":{}}","assets/images/products/shower-hardware/shower-door-hinge-90-1601004028021/main.avif","false","partially-verified","[""doorWidth"",""dimensions"",""netWeight"",""finish"",""holdOpen""]","Imported from the seller's public product list. Only title-level facts are populated. Media status: approved-clean-listing-image."
"1601487343186","https://www.alibaba.com/product-detail/Glass-to-Wall-Door-Lock-Glass_1601487343186.html","玻璃到墙门锁玻璃门中控锁机构学校酒店无需钻孔","glass-door-lock-1601487343186","door-locks","","Door Locks","","{""capacity"":null,""doorWidth"":"""",""dimensions"":"""",""netWeight"":"""",""material"":"""",""finish"":"""",""openingAngle"":"""",""holdOpen"":null,""glassThickness"":"""",""otherVerifiedFields"":{}}","assets/images/products/placeholders/door-locks.svg","false","partially-verified","[""doorWidth"",""dimensions"",""netWeight"",""finish"",""holdOpen""]","Imported from the seller's public product list. Only title-level facts are populated. Media status: not-used-legacy-branding-or-baked-copy."
"1600982311208","https://www.alibaba.com/product-detail/90-Degree-Glass-Door-Shower-Hinge_1600982311208.html","90度玻璃门淋浴铰链，浴室淋浴玻璃门铰链，玻璃夹","shower-door-hinge-90-1600982311208","shower-hardware","","Shower Hardware","","{""capacity"":null,""doorWidth"":"""",""dimensions"":"""",""netWeight"":"""",""material"":"""",""finish"":"""",""openingAngle"":""90°"",""holdOpen"":null,""glassThickness"":"""",""otherVerifiedFields"":{}}","assets/images/products/shower-hardware/shower-door-hinge-90-1600982311208/main.avif","false","partially-verified","[""doorWidth"",""dimensions"",""netWeight"",""finish"",""holdOpen""]","Imported from the seller's public product list. Only title-level facts are populated. Media status: approved-clean-listing-image."
"1601838189395","https://www.alibaba.com/product-detail/Square-Tube-Stainless-Steel-Glass-Door_1601838189395.html","方管不锈钢玻璃门把手","stainless-steel-pull-handle-1601838189395","pull-handles","","Pull Handles","","{""capacity"":null,""doorWidth"":"""",""dimensions"":"""",""netWeight"":"""",""material"":""Stainless steel"",""finish"":"""",""openingAngle"":"""",""holdOpen"":null,""glassThickness"":"""",""otherVerifiedFields"":{}}","assets/images/products/pull-handles/stainless-steel-pull-handle-1601838189395/main.avif","false","partially-verified","[""doorWidth"",""dimensions"",""netWeight"",""finish"",""holdOpen""]","Imported from the seller's public product list. Only title-level facts are populated. Media status: approved-clean-listing-image."
"1600991398322","https://www.alibaba.com/product-detail/Frameless-Glass-Door-Accessories-Upper-Clamp_1600991398322.html","无框玻璃门配件上夹铝锁贴片配件","architectural-door-accessory-1600991398322","door-accessories","","Door Accessories","","{""capacity"":null,""doorWidth"":"""",""dimensions"":"""",""netWeight"":"""",""material"":"""",""finish"":"""",""openingAngle"":"""",""holdOpen"":null,""glassThickness"":"""",""otherVerifiedFields"":{}}","assets/images/products/door-accessories/architectural-door-accessory-1600991398322/main.avif","false","unclear","[""doorWidth"",""dimensions"",""netWeight"",""finish"",""holdOpen""]","Imported from the seller's public product list. Only title-level facts are populated. Media status: approved-clean-listing-image."
"1601004039294","https://www.alibaba.com/product-detail/Factory-Customization-Bathroom-Accessories-Shower-Hinge_1601004039294.html","厂家定制浴室配件淋浴铰链斜边玻璃门玻璃到墙壁淋浴铰链玻璃夹","shower-door-hinge-1601004039294","shower-hardware","","Shower Hardware","","{""capacity"":null,""doorWidth"":"""",""dimensions"":"""",""netWeight"":"""",""material"":"""",""finish"":"""",""openingAngle"":"""",""holdOpen"":null,""glassThickness"":"""",""otherVerifiedFields"":{}}","assets/images/products/shower-hardware/shower-door-hinge-1601004039294/main.avif","false","partially-verified","[""doorWidth"",""dimensions"",""netWeight"",""finish"",""holdOpen""]","Imported from the seller's public product list. Only title-level facts are populated. Media status: approved-clean-listing-image."
"1601415740614","https://www.alibaba.com/product-detail/Wholesale-Customizable-High-Quality-Multi-Style_1601415740614.html","批发可定制高品质多风格H S方管不锈钢玻璃门把手Ss","stainless-steel-pull-handle-1601415740614","pull-handles","","Pull Handles","","{""capacity"":null,""doorWidth"":"""",""dimensions"":"""",""netWeight"":"""",""material"":""Stainless steel"",""finish"":"""",""openingAngle"":"""",""holdOpen"":null,""glassThickness"":"""",""otherVerifiedFields"":{}}","assets/images/products/pull-handles/stainless-steel-pull-handle-1601415740614/main.avif","false","partially-verified","[""doorWidth"",""dimensions"",""netWeight"",""finish"",""holdOpen""]","Imported from the seller's public product list. Only title-level facts are populated. Media status: approved-clean-listing-image."
"1601832614839","https://www.alibaba.com/product-detail/Stainless-steel-Glass-Door-Shower-Hinge_1601832614839.html","不锈钢玻璃门淋浴铰链，浴室玻璃门铰链，玻璃夹子","stainless-steel-shower-door-hinge-1601832614839","shower-hardware","","Shower Hardware","","{""capacity"":null,""doorWidth"":"""",""dimensions"":"""",""netWeight"":"""",""material"":""Stainless steel"",""finish"":"""",""openingAngle"":"""",""holdOpen"":null,""glassThickness"":"""",""otherVerifiedFields"":{}}","assets/images/products/shower-hardware/stainless-steel-shower-door-hinge-1601832614839/main.avif","false","partially-verified","[""doorWidth"",""dimensions"",""netWeight"",""finish"",""holdOpen""]","Imported from the seller's public product list. Only title-level facts are populated. Media status: approved-clean-listing-image."
"1600972441253","https://www.alibaba.com/product-detail/Stainless-Steel-Glass-Door-Handle-Pull_1600972441253.html","淋浴玻璃门用不锈钢玻璃门把手拉手和推拉手摇摆门把手","stainless-steel-shower-door-fitting-1600972441253","shower-hardware","","Shower Hardware","","{""capacity"":null,""doorWidth"":"""",""dimensions"":"""",""netWeight"":"""",""material"":""Stainless steel"",""finish"":"""",""openingAngle"":"""",""holdOpen"":null,""glassThickness"":"""",""otherVerifiedFields"":{}}","assets/images/products/shower-hardware/stainless-steel-shower-door-fitting-1600972441253/main.avif","false","partially-verified","[""doorWidth"",""dimensions"",""netWeight"",""finish"",""holdOpen""]","Imported from the seller's public product list. Only title-level facts are populated. Media status: approved-clean-listing-image."
"1601831525126","https://www.alibaba.com/product-detail/Factory-Price-Heavy-Duty-Double-Cylinder_1601831525126.html","出厂价重型双缸地弹簧，适用于玻璃门木门","hydraulic-floor-spring-1601831525126","floor-springs","","Floor Springs","","{""capacity"":null,""doorWidth"":"""",""dimensions"":"""",""netWeight"":"""",""material"":"""",""finish"":"""",""openingAngle"":"""",""holdOpen"":null,""glassThickness"":"""",""otherVerifiedFields"":{}}","assets/images/products/placeholders/floor-springs.svg","false","partially-verified","[""doorWidth"",""dimensions"",""netWeight"",""finish"",""holdOpen""]","Imported from the seller's public product list. Only title-level facts are populated. Media status: not-used-legacy-branding-or-baked-copy."
"1601809048880","https://www.alibaba.com/product-detail/Concealed-Cam-Door-Closer-Hidden-Door_1601809048880.html","隐藏式摄像头门关闭器 隐藏式门关闭器 重型 80KG","hydraulic-door-closer-up-to-80-kg-1601809048880","door-closers","","Door Closers","","{""capacity"":80,""doorWidth"":"""",""dimensions"":"""",""netWeight"":"""",""material"":"""",""finish"":"""",""openingAngle"":"""",""holdOpen"":null,""glassThickness"":"""",""otherVerifiedFields"":{}}","assets/images/products/placeholders/door-closers.svg","false","partially-verified","[""doorWidth"",""dimensions"",""netWeight"",""finish"",""holdOpen""]","Imported from the seller's public product list. Only title-level facts are populated. Media status: not-used-legacy-branding-or-baked-copy."
"10000030232515","https://www.alibaba.com/product-detail/Most-Popular-Commercial-Fire-Exit-Door_10000030232515.html","最受欢迎的商业防火门应急杆逃生防火门推锁杆应急杆逃生门","panic-bar-exit-device-10000030232515","panic-exit-devices","","Panic Exit Devices","","{""capacity"":null,""doorWidth"":"""",""dimensions"":"""",""netWeight"":"""",""material"":"""",""finish"":"""",""openingAngle"":"""",""holdOpen"":null,""glassThickness"":"""",""otherVerifiedFields"":{}}","assets/images/products/placeholders/panic-exit-devices.svg","false","partially-verified","[""doorWidth"",""dimensions"",""netWeight"",""finish"",""holdOpen""]","Imported from the seller's public product list. Only title-level facts are populated. Media status: not-used-legacy-branding-or-baked-copy."
"1601452721740","https://www.alibaba.com/product-detail/10-12mm-Tempered-Hotel-Restaurant-Store_1601452721740.html","10-12毫米钢化酒店餐厅商店玻璃门锁高品质玻璃对墙门锁","glass-door-lock-1601452721740","door-locks","","Door Locks","","{""capacity"":null,""doorWidth"":"""",""dimensions"":"""",""netWeight"":"""",""material"":"""",""finish"":"""",""openingAngle"":"""",""holdOpen"":null,""glassThickness"":""10–12 mm"",""otherVerifiedFields"":{}}","assets/images/products/placeholders/door-locks.svg","false","partially-verified","[""doorWidth"",""dimensions"",""netWeight"",""finish"",""holdOpen""]","Imported from the seller's public product list. Only title-level facts are populated. Media status: not-used-legacy-branding-or-baked-copy."
"1601462354918","https://www.alibaba.com/product-detail/Glass-to-Glass-Central-Lock-System_1601462354918.html","玻璃对玻璃中控锁系统酒店办公玻璃门锁入口无框","glass-door-lock-1601462354918","door-locks","","Door Locks","","{""capacity"":null,""doorWidth"":"""",""dimensions"":"""",""netWeight"":"""",""material"":"""",""finish"":"""",""openingAngle"":"""",""holdOpen"":null,""glassThickness"":"""",""otherVerifiedFields"":{}}","assets/images/products/placeholders/door-locks.svg","false","partially-verified","[""doorWidth"",""dimensions"",""netWeight"",""finish"",""holdOpen""]","Imported from the seller's public product list. Only title-level facts are populated. Media status: not-used-legacy-branding-or-baked-copy."
"1601497053280","https://www.alibaba.com/product-detail/Glass-Door-Central-Lock-Surface-Mounted_1601497053280.html","玻璃门中控锁表面安装玻璃门锁医院酒店学校商店中控锁","glass-door-lock-1601497053280","door-locks","","Door Locks","","{""capacity"":null,""doorWidth"":"""",""dimensions"":"""",""netWeight"":"""",""material"":"""",""finish"":"""",""openingAngle"":"""",""holdOpen"":null,""glassThickness"":"""",""otherVerifiedFields"":{}}","assets/images/products/placeholders/door-locks.svg","false","partially-verified","[""doorWidth"",""dimensions"",""netWeight"",""finish"",""holdOpen""]","Imported from the seller's public product list. Only title-level facts are populated. Media status: not-used-legacy-branding-or-baked-copy."
"1601508115055","https://www.alibaba.com/product-detail/Push-Panic-Bar-with-Lever-Handle_1601508115055.html","推拉杆手柄锁拉丝304防火学校商场办公室应急门","panic-bar-exit-device-1601508115055","panic-exit-devices","","Panic Exit Devices","","{""capacity"":null,""doorWidth"":"""",""dimensions"":"""",""netWeight"":"""",""material"":""SS304"",""finish"":"""",""openingAngle"":"""",""holdOpen"":null,""glassThickness"":"""",""otherVerifiedFields"":{}}","assets/images/products/placeholders/panic-exit-devices.svg","false","partially-verified","[""doorWidth"",""dimensions"",""netWeight"",""finish"",""holdOpen""]","Imported from the seller's public product list. Only title-level facts are populated. Media status: not-used-legacy-branding-or-baked-copy."
"1601486709149","https://www.alibaba.com/product-detail/Glass-Door-Central-Lock-Glass-to_1601486709149.html","玻璃门中控锁玻璃到墙锁无框钢化玻璃无需钻孔学校商场安全","architectural-door-accessory-1601486709149","door-accessories","","Door Accessories","","{""capacity"":null,""doorWidth"":"""",""dimensions"":"""",""netWeight"":"""",""material"":"""",""finish"":"""",""openingAngle"":"""",""holdOpen"":null,""glassThickness"":"""",""otherVerifiedFields"":{}}","assets/images/products/placeholders/door-accessories.svg","false","unclear","[""doorWidth"",""dimensions"",""netWeight"",""finish"",""holdOpen""]","Imported from the seller's public product list. Only title-level facts are populated. Media status: not-used-legacy-branding-or-baked-copy."
"1601581685916","https://www.alibaba.com/product-detail/High-quality-Glass-to-Glass-Door_1601581685916.html","优质玻璃对玻璃门锁系统医院学校商业玻璃门中控锁","glass-door-lock-1601581685916","door-locks","","Door Locks","","{""capacity"":null,""doorWidth"":"""",""dimensions"":"""",""netWeight"":"""",""material"":"""",""finish"":"""",""openingAngle"":"""",""holdOpen"":null,""glassThickness"":"""",""otherVerifiedFields"":{}}","assets/images/products/placeholders/door-locks.svg","false","partially-verified","[""doorWidth"",""dimensions"",""netWeight"",""finish"",""holdOpen""]","Imported from the seller's public product list. Only title-level facts are populated. Media status: not-used-legacy-branding-or-baked-copy."
"1601687630917","https://www.alibaba.com/product-detail/Factory-Direct-Sales-201-304-Glass_1601687630917.html","厂家直销 201/304 玻璃门夹片配件 10-12mm 钢化玻璃门夹片","glass-door-fitting-1601687630917","glass-door-hardware","","Glass Door Hardware","","{""capacity"":null,""doorWidth"":"""",""dimensions"":"""",""netWeight"":"""",""material"":""SS201 / SS304"",""finish"":"""",""openingAngle"":"""",""holdOpen"":null,""glassThickness"":""10–12 mm"",""otherVerifiedFields"":{}}","assets/images/products/placeholders/glass-door-hardware.svg","false","partially-verified","[""doorWidth"",""dimensions"",""netWeight"",""finish"",""holdOpen""]","Imported from the seller's public product list. Only title-level facts are populated. Media status: not-used-legacy-branding-or-baked-copy."
"1601676707367","https://www.alibaba.com/product-detail/Factory-direct-Sale-of-Stainless-Steel_1601676707367.html","厂家直销不锈钢玻璃门地弹簧组合套装 重型玻璃门地弹簧组合套装","hydraulic-floor-spring-1601676707367","floor-springs","","Floor Springs","","{""capacity"":null,""doorWidth"":"""",""dimensions"":"""",""netWeight"":"""",""material"":""Stainless steel"",""finish"":"""",""openingAngle"":"""",""holdOpen"":null,""glassThickness"":"""",""otherVerifiedFields"":{}}","assets/images/products/placeholders/floor-springs.svg","false","partially-verified","[""doorWidth"",""dimensions"",""netWeight"",""finish"",""holdOpen""]","Imported from the seller's public product list. Only title-level facts are populated. Media status: not-used-legacy-branding-or-baked-copy."
"1601675357501","https://www.alibaba.com/product-detail/Factory-Direct-Sale-Hydraulic-Floor-Spring_1601675357501.html","厂家直销液压地弹簧铰链 高端不锈钢玻璃门地弹簧","hydraulic-floor-spring-1601675357501","floor-springs","","Floor Springs","","{""capacity"":null,""doorWidth"":"""",""dimensions"":"""",""netWeight"":"""",""material"":""Stainless steel"",""finish"":"""",""openingAngle"":"""",""holdOpen"":null,""glassThickness"":"""",""otherVerifiedFields"":{}}","assets/images/products/placeholders/floor-springs.svg","false","partially-verified","[""doorWidth"",""dimensions"",""netWeight"",""finish"",""holdOpen""]","Imported from the seller's public product list. Only title-level facts are populated. Media status: not-used-legacy-branding-or-baked-copy."
"1601675402391","https://www.alibaba.com/product-detail/300kg-Glass-Door-Floor-Spring-Door_1601675402391.html","300公斤玻璃门地弹簧闭门器厂家直销不锈钢液压门地铰链","hydraulic-floor-spring-up-to-300-kg-1601675402391","floor-springs","","Floor Springs","","{""capacity"":300,""doorWidth"":"""",""dimensions"":"""",""netWeight"":"""",""material"":""Stainless steel"",""finish"":"""",""openingAngle"":"""",""holdOpen"":null,""glassThickness"":"""",""otherVerifiedFields"":{}}","assets/images/products/placeholders/floor-springs.svg","false","partially-verified","[""doorWidth"",""dimensions"",""netWeight"",""finish"",""holdOpen""]","Imported from the seller's public product list. Only title-level facts are populated. Media status: not-used-legacy-branding-or-baked-copy."
"11000031684206","https://www.alibaba.com/product-detail/Modern-Hydraulic-Offset-Pivot-Hinge-Factory_11000031684206.html","现代液压偏转铰链 工厂直销不锈钢旋转铰链","stainless-steel-architectural-door-hinge-11000031684206","architectural-hinges","","Architectural Hinges","","{""capacity"":null,""doorWidth"":"""",""dimensions"":"""",""netWeight"":"""",""material"":""Stainless steel"",""finish"":"""",""openingAngle"":"""",""holdOpen"":null,""glassThickness"":"""",""otherVerifiedFields"":{}}","assets/images/products/placeholders/architectural-hinges.svg","false","partially-verified","[""doorWidth"",""dimensions"",""netWeight"",""finish"",""holdOpen""]","Imported from the seller's public product list. Only title-level facts are populated. Media status: not-used-legacy-branding-or-baked-copy."
"1601676757094","https://www.alibaba.com/product-detail/High-quality-Floor-Spring-Combo-Set_1601676757094.html","高品质地弹簧组合套装，带玻璃门把手 201/304 玻璃门贴片配件组合套装","hydraulic-floor-spring-1601676757094","floor-springs","","Floor Springs","","{""capacity"":null,""doorWidth"":"""",""dimensions"":"""",""netWeight"":"""",""material"":""SS201 / SS304"",""finish"":"""",""openingAngle"":"""",""holdOpen"":null,""glassThickness"":"""",""otherVerifiedFields"":{}}","assets/images/products/placeholders/floor-springs.svg","false","partially-verified","[""doorWidth"",""dimensions"",""netWeight"",""finish"",""holdOpen""]","Imported from the seller's public product list. Only title-level facts are populated. Media status: not-used-legacy-branding-or-baked-copy."
"1601680624111","https://www.alibaba.com/product-detail/Easy-Installation-No-Digging-Floor-Spring_1601680624111.html","易于安装，无需挖掘，地板弹簧铰链，隐藏式门枢轴铰链，适用于木门","hydraulic-floor-spring-1601680624111","floor-springs","","Floor Springs","","{""capacity"":null,""doorWidth"":"""",""dimensions"":"""",""netWeight"":"""",""material"":"""",""finish"":"""",""openingAngle"":"""",""holdOpen"":null,""glassThickness"":"""",""otherVerifiedFields"":{}}","assets/images/products/placeholders/floor-springs.svg","false","partially-verified","[""doorWidth"",""dimensions"",""netWeight"",""finish"",""holdOpen""]","Imported from the seller's public product list. Only title-level facts are populated. Media status: not-used-legacy-branding-or-baked-copy."
"1601679197984","https://www.alibaba.com/product-detail/Factory-Direct-sale-Floor-Spring-Machine_1601679197984.html","玻璃门用直销地弹簧机 201/304 不锈钢地弹簧闭门器","hydraulic-floor-spring-1601679197984","floor-springs","","Floor Springs","","{""capacity"":null,""doorWidth"":"""",""dimensions"":"""",""netWeight"":"""",""material"":""SS201 / SS304"",""finish"":"""",""openingAngle"":"""",""holdOpen"":null,""glassThickness"":"""",""otherVerifiedFields"":{}}","assets/images/products/placeholders/floor-springs.svg","false","partially-verified","[""doorWidth"",""dimensions"",""netWeight"",""finish"",""holdOpen""]","Imported from the seller's public product list. Only title-level facts are populated. Media status: not-used-legacy-branding-or-baked-copy."
"1601666132945","https://www.alibaba.com/product-detail/Modern-Hidden-Pivot-Door-Hinge-Wooden_1601666132945.html","现代隐藏式铰链木门非轴心适用门宽1100mm 270 ° 旋转木门液压执行器","architectural-door-hinge-270-1601666132945","architectural-hinges","","Architectural Hinges","","{""capacity"":null,""doorWidth"":""1100 mm"",""dimensions"":"""",""netWeight"":"""",""material"":"""",""finish"":"""",""openingAngle"":""270°"",""holdOpen"":null,""glassThickness"":"""",""otherVerifiedFields"":{}}","assets/images/products/placeholders/architectural-hinges.svg","false","partially-verified","[""dimensions"",""netWeight"",""finish"",""holdOpen""]","Imported from the seller's public product list. Only title-level facts are populated. Media status: not-used-legacy-branding-or-baked-copy."
"1601618658907","https://www.alibaba.com/product-detail/No-digging-Floor-Spring-High-Quality_1601618658907.html","无挖地弹簧玻璃门闭合器用高品质地弹簧110千克玻璃门弹簧","hydraulic-floor-spring-up-to-110-kg-1601618658907","floor-springs","","Floor Springs","","{""capacity"":110,""doorWidth"":"""",""dimensions"":"""",""netWeight"":"""",""material"":"""",""finish"":"""",""openingAngle"":"""",""holdOpen"":null,""glassThickness"":"""",""otherVerifiedFields"":{}}","assets/images/products/placeholders/floor-springs.svg","false","partially-verified","[""doorWidth"",""dimensions"",""netWeight"",""finish"",""holdOpen""]","Imported from the seller's public product list. Only title-level facts are populated. Media status: not-used-legacy-branding-or-baked-copy."
"1601577227435","https://www.alibaba.com/product-detail/Corrosion-Resistant-Floor-Spring-Hinges-for_1601577227435.html","学校201材料重型地板弹簧的耐腐蚀地板弹簧铰链","hydraulic-floor-spring-1601577227435","floor-springs","","Floor Springs","","{""capacity"":null,""doorWidth"":"""",""dimensions"":"""",""netWeight"":"""",""material"":""SS201"",""finish"":"""",""openingAngle"":"""",""holdOpen"":null,""glassThickness"":"""",""otherVerifiedFields"":{}}","assets/images/products/placeholders/floor-springs.svg","false","partially-verified","[""doorWidth"",""dimensions"",""netWeight"",""finish"",""holdOpen""]","Imported from the seller's public product list. Only title-level facts are populated. Media status: not-used-legacy-branding-or-baked-copy."
"1601521794785","https://www.alibaba.com/product-detail/Floor-Spring-Hinges-Glass-Door-Closer_1601521794785.html","地板弹簧铰链玻璃门闭合器医院学校酒店办公室餐厅可调速地面弹簧","hydraulic-floor-spring-1601521794785","floor-springs","","Floor Springs","","{""capacity"":null,""doorWidth"":"""",""dimensions"":"""",""netWeight"":"""",""material"":"""",""finish"":"""",""openingAngle"":"""",""holdOpen"":null,""glassThickness"":"""",""otherVerifiedFields"":{}}","assets/images/products/placeholders/floor-springs.svg","false","partially-verified","[""doorWidth"",""dimensions"",""netWeight"",""finish"",""holdOpen""]","Imported from the seller's public product list. Only title-level facts are populated. Media status: not-used-legacy-branding-or-baked-copy."
"1601521702974","https://www.alibaba.com/product-detail/Glass-Door-Floor-Spring-Hospital-School_1601521702974.html","玻璃门地弹簧医院学校酒店办公室餐厅玻璃门地弹簧300千克双定位90 ° 125 °","hydraulic-floor-spring-up-to-300-kg-1601521702974","floor-springs","","Floor Springs","","{""capacity"":300,""doorWidth"":"""",""dimensions"":"""",""netWeight"":"""",""material"":"""",""finish"":"""",""openingAngle"":""90°"",""holdOpen"":null,""glassThickness"":"""",""otherVerifiedFields"":{}}","assets/images/products/placeholders/floor-springs.svg","false","partially-verified","[""doorWidth"",""dimensions"",""netWeight"",""finish"",""holdOpen""]","Imported from the seller's public product list. Only title-level facts are populated. Media status: not-used-legacy-branding-or-baked-copy."
"1601461946963","https://www.alibaba.com/product-detail/Good-Quality-Glass-Door-Control-Hardware_1601461946963.html","优质玻璃门控制五金贴片配件门铰链夹地板弹簧90千克","hydraulic-floor-spring-up-to-90-kg-1601461946963","floor-springs","","Floor Springs","","{""capacity"":90,""doorWidth"":"""",""dimensions"":"""",""netWeight"":"""",""material"":"""",""finish"":"""",""openingAngle"":"""",""holdOpen"":null,""glassThickness"":"""",""otherVerifiedFields"":{}}","assets/images/products/placeholders/floor-springs.svg","false","partially-verified","[""doorWidth"",""dimensions"",""netWeight"",""finish"",""holdOpen""]","Imported from the seller's public product list. Only title-level facts are populated. Media status: not-used-legacy-branding-or-baked-copy."
"1601460000148","https://www.alibaba.com/product-detail/Glass-Door-Hinge-Floor-Spring-Hydraulic_1601460000148.html","玻璃门铰链地板弹簧液压自动关闭，带可调底部枢轴重型130公斤闭门器","hydraulic-floor-spring-up-to-130-kg-1601460000148","floor-springs","","Floor Springs","","{""capacity"":130,""doorWidth"":"""",""dimensions"":"""",""netWeight"":"""",""material"":"""",""finish"":"""",""openingAngle"":"""",""holdOpen"":null,""glassThickness"":"""",""otherVerifiedFields"":{}}","assets/images/products/floor-springs/hydraulic-floor-spring-up-to-130-kg-1601460000148/main.avif","false","partially-verified","[""doorWidth"",""dimensions"",""netWeight"",""finish"",""holdOpen""]","Imported from the seller's public product list. Only title-level facts are populated. Media status: approved-clean-listing-image."
"1601453534536","https://www.alibaba.com/product-detail/Heavy-Duty-Hot-Sell-Door-Hinges_1601453534536.html","重型热卖门铰链地板弹簧玻璃门配件闭门器","hydraulic-floor-spring-1601453534536","floor-springs","","Floor Springs","","{""capacity"":null,""doorWidth"":"""",""dimensions"":"""",""netWeight"":"""",""material"":"""",""finish"":"""",""openingAngle"":"""",""holdOpen"":null,""glassThickness"":"""",""otherVerifiedFields"":{}}","assets/images/products/placeholders/floor-springs.svg","false","partially-verified","[""doorWidth"",""dimensions"",""netWeight"",""finish"",""holdOpen""]","Imported from the seller's public product list. Only title-level facts are populated. Media status: not-used-legacy-branding-or-baked-copy."
"1601452406959","https://www.alibaba.com/product-detail/Hot-Sell-Door-Hinge-Glass-Door_1601452406959.html","热销门铰链玻璃门落地弹簧OEM建筑五金供应商办公楼铝门落地弹簧","hydraulic-floor-spring-1601452406959","floor-springs","","Floor Springs","","{""capacity"":null,""doorWidth"":"""",""dimensions"":"""",""netWeight"":"""",""material"":"""",""finish"":"""",""openingAngle"":"""",""holdOpen"":null,""glassThickness"":"""",""otherVerifiedFields"":{}}","assets/images/products/placeholders/floor-springs.svg","false","partially-verified","[""doorWidth"",""dimensions"",""netWeight"",""finish"",""holdOpen""]","Imported from the seller's public product list. Only title-level facts are populated. Media status: not-used-legacy-branding-or-baked-copy."
"1601428753119","https://www.alibaba.com/product-detail/Heavy-Duty-Commercial-Ground-Spring-Smooth_1601428753119.html","重型商用地面弹簧-玻璃门系统用光滑地弹簧机玻璃门用地板机","hydraulic-floor-spring-1601428753119","floor-springs","","Floor Springs","","{""capacity"":null,""doorWidth"":"""",""dimensions"":"""",""netWeight"":"""",""material"":"""",""finish"":"""",""openingAngle"":"""",""holdOpen"":null,""glassThickness"":"""",""otherVerifiedFields"":{}}","assets/images/products/placeholders/floor-springs.svg","false","partially-verified","[""doorWidth"",""dimensions"",""netWeight"",""finish"",""holdOpen""]","Imported from the seller's public product list. Only title-level facts are populated. Media status: not-used-legacy-branding-or-baked-copy."
"1601659026276","https://www.alibaba.com/product-detail/Stainless-Steel-Pull-and-Push-Plate_1601659026276.html","不锈钢推拉板门把手 高品质出口门拉手","stainless-steel-pull-handle-1601659026276","pull-handles","","Pull Handles","","{""capacity"":null,""doorWidth"":"""",""dimensions"":"""",""netWeight"":"""",""material"":""Stainless steel"",""finish"":"""",""openingAngle"":"""",""holdOpen"":null,""glassThickness"":"""",""otherVerifiedFields"":{}}","assets/images/products/placeholders/pull-handles.svg","false","partially-verified","[""doorWidth"",""dimensions"",""netWeight"",""finish"",""holdOpen""]","Imported from the seller's public product list. Only title-level facts are populated. Media status: not-used-legacy-branding-or-baked-copy."
"1601658981619","https://www.alibaba.com/product-detail/201-304-Stainless-Steel-Glass-Door_1601658981619.html","201/304 不锈钢玻璃门拉手 高品质淋浴玻璃门拉手 豪华款","ss201-ss304-shower-door-fitting-1601658981619","shower-hardware","","Shower Hardware","","{""capacity"":null,""doorWidth"":"""",""dimensions"":"""",""netWeight"":"""",""material"":""SS201 / SS304"",""finish"":"""",""openingAngle"":"""",""holdOpen"":null,""glassThickness"":"""",""otherVerifiedFields"":{}}","assets/images/products/placeholders/shower-hardware.svg","false","partially-verified","[""doorWidth"",""dimensions"",""netWeight"",""finish"",""holdOpen""]","Imported from the seller's public product list. Only title-level facts are populated. Media status: not-used-legacy-branding-or-baked-copy."
"1601658038149","https://www.alibaba.com/product-detail/Modern-Pull-and-Push-Plate-Door_1601658038149.html","现代推拉式门把手 201/304 不锈钢出口门拉手","ss201-ss304-pull-handle-1601658038149","pull-handles","","Pull Handles","","{""capacity"":null,""doorWidth"":"""",""dimensions"":"""",""netWeight"":"""",""material"":""SS201 / SS304"",""finish"":"""",""openingAngle"":"""",""holdOpen"":null,""glassThickness"":"""",""otherVerifiedFields"":{}}","assets/images/products/placeholders/pull-handles.svg","false","partially-verified","[""doorWidth"",""dimensions"",""netWeight"",""finish"",""holdOpen""]","Imported from the seller's public product list. Only title-level facts are populated. Media status: not-used-legacy-branding-or-baked-copy."
"1601578647480","https://www.alibaba.com/product-detail/Stainless-Steel-Escape-Door-Handles-Exit_1601578647480.html","不锈钢逃生门把手出口医院级安全玻璃门把手","stainless-steel-pull-handle-1601578647480","pull-handles","","Pull Handles","","{""capacity"":null,""doorWidth"":"""",""dimensions"":"""",""netWeight"":"""",""material"":""Stainless steel"",""finish"":"""",""openingAngle"":"""",""holdOpen"":null,""glassThickness"":"""",""otherVerifiedFields"":{}}","assets/images/products/placeholders/pull-handles.svg","false","partially-verified","[""doorWidth"",""dimensions"",""netWeight"",""finish"",""holdOpen""]","Imported from the seller's public product list. Only title-level facts are populated. Media status: not-used-legacy-branding-or-baked-copy."
"1601578591463","https://www.alibaba.com/product-detail/Stainless-Steel-Shower-Glass-Door-Handle_1601578591463.html","不锈钢淋浴玻璃门把手门把手豪华防水建筑把手淋浴玻璃门","stainless-steel-shower-door-fitting-1601578591463","shower-hardware","","Shower Hardware","","{""capacity"":null,""doorWidth"":"""",""dimensions"":"""",""netWeight"":"""",""material"":""Stainless steel"",""finish"":"""",""openingAngle"":"""",""holdOpen"":null,""glassThickness"":"""",""otherVerifiedFields"":{}}","assets/images/products/placeholders/shower-hardware.svg","false","partially-verified","[""doorWidth"",""dimensions"",""netWeight"",""finish"",""holdOpen""]","Imported from the seller's public product list. Only title-level facts are populated. Media status: not-used-legacy-branding-or-baked-copy."
"1601578543848","https://www.alibaba.com/product-detail/Door-Handles-Office-School-Exit-Door_1601578543848.html","门把手办公室学校出口门把手应用","pull-handle-1601578543848","pull-handles","","Pull Handles","","{""capacity"":null,""doorWidth"":"""",""dimensions"":"""",""netWeight"":"""",""material"":"""",""finish"":"""",""openingAngle"":"""",""holdOpen"":null,""glassThickness"":"""",""otherVerifiedFields"":{}}","assets/images/products/placeholders/pull-handles.svg","false","partially-verified","[""doorWidth"",""dimensions"",""netWeight"",""finish"",""holdOpen""]","Imported from the seller's public product list. Only title-level facts are populated. Media status: not-used-legacy-branding-or-baked-copy."
"1601468940145","https://www.alibaba.com/product-detail/Modern-Glass-Door-Handle-Pull-Door_1601468940145.html","现代玻璃门把手拉门把手浴室淋浴门铰链","shower-door-hinge-1601468940145","shower-hardware","","Shower Hardware","","{""capacity"":null,""doorWidth"":"""",""dimensions"":"""",""netWeight"":"""",""material"":"""",""finish"":"""",""openingAngle"":"""",""holdOpen"":null,""glassThickness"":"""",""otherVerifiedFields"":{}}","assets/images/products/shower-hardware/shower-door-hinge-1601468940145/main.avif","false","partially-verified","[""doorWidth"",""dimensions"",""netWeight"",""finish"",""holdOpen""]","Imported from the seller's public product list. Only title-level facts are populated. Media status: approved-clean-listing-image."
"1601467327539","https://www.alibaba.com/product-detail/Glass-Door-Lever-Glass-Door-Handle_1601467327539.html","玻璃门杆玻璃门拉手木制门拉手商用酒店餐厅入口","pull-handle-1601467327539","pull-handles","","Pull Handles","","{""capacity"":null,""doorWidth"":"""",""dimensions"":"""",""netWeight"":"""",""material"":"""",""finish"":"""",""openingAngle"":"""",""holdOpen"":null,""glassThickness"":"""",""otherVerifiedFields"":{}}","assets/images/products/placeholders/pull-handles.svg","false","partially-verified","[""doorWidth"",""dimensions"",""netWeight"",""finish"",""holdOpen""]","Imported from the seller's public product list. Only title-level facts are populated. Media status: not-used-legacy-branding-or-baked-copy."
"1601467263139","https://www.alibaba.com/product-detail/Wooden-Door-Handle-Glass-Door-Lever_1601467263139.html","木制门把手玻璃门杆医院学校办公室门拉全高","pull-handle-1601467263139","pull-handles","","Pull Handles","","{""capacity"":null,""doorWidth"":"""",""dimensions"":"""",""netWeight"":"""",""material"":"""",""finish"":"""",""openingAngle"":"""",""holdOpen"":null,""glassThickness"":"""",""otherVerifiedFields"":{}}","assets/images/products/placeholders/pull-handles.svg","false","partially-verified","[""doorWidth"",""dimensions"",""netWeight"",""finish"",""holdOpen""]","Imported from the seller's public product list. Only title-level facts are populated. Media status: not-used-legacy-branding-or-baked-copy."
"1601466898592","https://www.alibaba.com/product-detail/201-304-High-quality-Glass-Door_1601466898592.html","201/304高品质玻璃门杆门控五金配件酒店/学校/家庭浴室玻璃门把手","ss201-ss304-shower-door-fitting-1601466898592","shower-hardware","","Shower Hardware","","{""capacity"":null,""doorWidth"":"""",""dimensions"":"""",""netWeight"":"""",""material"":""SS201 / SS304"",""finish"":"""",""openingAngle"":"""",""holdOpen"":null,""glassThickness"":"""",""otherVerifiedFields"":{}}","assets/images/products/placeholders/shower-hardware.svg","false","partially-verified","[""doorWidth"",""dimensions"",""netWeight"",""finish"",""holdOpen""]","Imported from the seller's public product list. Only title-level facts are populated. Media status: not-used-legacy-branding-or-baked-copy."
"1601466848781","https://www.alibaba.com/product-detail/Glass-Door-Lever-for-Hospital-School_1601466848781.html","医院学校酒店淋浴房玻璃门把手玻璃门杆","shower-door-fitting-1601466848781","shower-hardware","","Shower Hardware","","{""capacity"":null,""doorWidth"":"""",""dimensions"":"""",""netWeight"":"""",""material"":"""",""finish"":"""",""openingAngle"":"""",""holdOpen"":null,""glassThickness"":"""",""otherVerifiedFields"":{}}","assets/images/products/placeholders/shower-hardware.svg","false","partially-verified","[""doorWidth"",""dimensions"",""netWeight"",""finish"",""holdOpen""]","Imported from the seller's public product list. Only title-level facts are populated. Media status: not-used-legacy-branding-or-baked-copy."
"1601455602667","https://www.alibaba.com/product-detail/Glass-Door-Handle-Fire-Escape-Door_1601455602667.html","玻璃门把手防火逃生门拉手支撑不锈钢推拉把手","stainless-steel-pull-handle-1601455602667","pull-handles","","Pull Handles","","{""capacity"":null,""doorWidth"":"""",""dimensions"":"""",""netWeight"":"""",""material"":""Stainless steel"",""finish"":"""",""openingAngle"":"""",""holdOpen"":null,""glassThickness"":"""",""otherVerifiedFields"":{}}","assets/images/products/placeholders/pull-handles.svg","false","partially-verified","[""doorWidth"",""dimensions"",""netWeight"",""finish"",""holdOpen""]","Imported from the seller's public product list. Only title-level facts are populated. Media status: not-used-legacy-branding-or-baked-copy."
"1601455594142","https://www.alibaba.com/product-detail/Hotel-Glass-Door-Handle-Surface-Mounted_1601455594142.html","酒店玻璃门把手表面安装紧急出口拉门OEM五金配件","pull-handle-1601455594142","pull-handles","","Pull Handles","","{""capacity"":null,""doorWidth"":"""",""dimensions"":"""",""netWeight"":"""",""material"":"""",""finish"":"""",""openingAngle"":"""",""holdOpen"":null,""glassThickness"":"""",""otherVerifiedFields"":{}}","assets/images/products/placeholders/pull-handles.svg","false","partially-verified","[""doorWidth"",""dimensions"",""netWeight"",""finish"",""holdOpen""]","Imported from the seller's public product list. Only title-level facts are populated. Media status: not-used-legacy-branding-or-baked-copy."
"1601455481699","https://www.alibaba.com/product-detail/Surface-Mounted-Door-Handle-Stainless-Steel_1601455481699.html","表面安装门把手不锈钢支架OEM玻璃门紧急出口门拉手","stainless-steel-pull-handle-1601455481699","pull-handles","","Pull Handles","","{""capacity"":null,""doorWidth"":"""",""dimensions"":"""",""netWeight"":"""",""material"":""Stainless steel"",""finish"":"""",""openingAngle"":"""",""holdOpen"":null,""glassThickness"":"""",""otherVerifiedFields"":{}}","assets/images/products/placeholders/pull-handles.svg","false","partially-verified","[""doorWidth"",""dimensions"",""netWeight"",""finish"",""holdOpen""]","Imported from the seller's public product list. Only title-level facts are populated. Media status: not-used-legacy-branding-or-baked-copy."
"1601455427120","https://www.alibaba.com/product-detail/Shower-Glass-Door-Handle-Surface-Mounted_1601455427120.html","淋浴玻璃门把手表面安装木制门把手不锈钢304支架OEM玻璃主门","ss304-shower-door-fitting-1601455427120","shower-hardware","","Shower Hardware","","{""capacity"":null,""doorWidth"":"""",""dimensions"":"""",""netWeight"":"""",""material"":""SS304"",""finish"":"""",""openingAngle"":"""",""holdOpen"":null,""glassThickness"":"""",""otherVerifiedFields"":{}}","assets/images/products/placeholders/shower-hardware.svg","false","partially-verified","[""doorWidth"",""dimensions"",""netWeight"",""finish"",""holdOpen""]","Imported from the seller's public product list. Only title-level facts are populated. Media status: not-used-legacy-branding-or-baked-copy."
"1601455317971","https://www.alibaba.com/product-detail/Shower-Glass-Door-Handle-304-Stainless_1601455317971.html","淋浴玻璃门把手304不锈钢表面安装拉支架OEM学校木制门把手","ss304-shower-door-fitting-1601455317971","shower-hardware","","Shower Hardware","","{""capacity"":null,""doorWidth"":"""",""dimensions"":"""",""netWeight"":"""",""material"":""SS304"",""finish"":"""",""openingAngle"":"""",""holdOpen"":null,""glassThickness"":"""",""otherVerifiedFields"":{}}","assets/images/products/placeholders/shower-hardware.svg","false","partially-verified","[""doorWidth"",""dimensions"",""netWeight"",""finish"",""holdOpen""]","Imported from the seller's public product list. Only title-level facts are populated. Media status: not-used-legacy-branding-or-baked-copy."
"11000024613283","https://www.alibaba.com/product-detail/Shower-Glass-Door-Handle-Ss201-Ss304_11000024613283.html","淋浴玻璃门把手Ss201 Ss304拉手","ss304-shower-door-fitting-11000024613283","shower-hardware","","Shower Hardware","","{""capacity"":null,""doorWidth"":"""",""dimensions"":"""",""netWeight"":"""",""material"":""SS304"",""finish"":"""",""openingAngle"":"""",""holdOpen"":null,""glassThickness"":"""",""otherVerifiedFields"":{}}","assets/images/products/placeholders/shower-hardware.svg","false","partially-verified","[""doorWidth"",""dimensions"",""netWeight"",""finish"",""holdOpen""]","Imported from the seller's public product list. Only title-level facts are populated. Media status: not-used-legacy-branding-or-baked-copy."
"10000030043011","https://www.alibaba.com/product-detail/Stainless-Steel-Glass-Door-Office-Handle_10000030043011.html","酒店浴室不锈钢玻璃门办公室把手","architectural-door-accessory-10000030043011","door-accessories","","Door Accessories","","{""capacity"":null,""doorWidth"":"""",""dimensions"":"""",""netWeight"":"""",""material"":""Stainless steel"",""finish"":"""",""openingAngle"":"""",""holdOpen"":null,""glassThickness"":"""",""otherVerifiedFields"":{}}","assets/images/products/placeholders/door-accessories.svg","false","unclear","[""doorWidth"",""dimensions"",""netWeight"",""finish"",""holdOpen""]","Imported from the seller's public product list. Only title-level facts are populated. Media status: not-used-legacy-branding-or-baked-copy."
"1601651331703","https://www.alibaba.com/product-detail/High-quality-Stainless-Steel-Glass-Door_1601651331703.html","高品质不锈钢玻璃门锁，带钥匙，10-15毫米表面安装式玻璃对玻璃门锁","glass-door-lock-1601651331703","door-locks","","Door Locks","","{""capacity"":null,""doorWidth"":"""",""dimensions"":"""",""netWeight"":"""",""material"":""Stainless steel"",""finish"":"""",""openingAngle"":"""",""holdOpen"":null,""glassThickness"":""10–15 mm"",""otherVerifiedFields"":{}}","assets/images/products/placeholders/door-locks.svg","false","partially-verified","[""doorWidth"",""dimensions"",""netWeight"",""finish"",""holdOpen""]","Imported from the seller's public product list. Only title-level facts are populated. Media status: not-used-legacy-branding-or-baked-copy."
"1601648959110","https://www.alibaba.com/product-detail/Hot-selling-Glass-to-Wall-Door_1601648959110.html","热销玻璃门锁 10-15 毫米 高品质免钻孔玻璃门锁","glass-door-lock-1601648959110","door-locks","","Door Locks","","{""capacity"":null,""doorWidth"":"""",""dimensions"":"""",""netWeight"":"""",""material"":"""",""finish"":"""",""openingAngle"":"""",""holdOpen"":null,""glassThickness"":""10–15 mm"",""otherVerifiedFields"":{}}","assets/images/products/placeholders/door-locks.svg","false","partially-verified","[""doorWidth"",""dimensions"",""netWeight"",""finish"",""holdOpen""]","Imported from the seller's public product list. Only title-level facts are populated. Media status: not-used-legacy-branding-or-baked-copy."
"1601648855870","https://www.alibaba.com/product-detail/201-304-Stainless-Steel-No-Drilling_1601648855870.html","201/304 不锈钢免钻孔玻璃门锁 表面安装玻璃对玻璃门锁 带钥匙","glass-door-lock-1601648855870","door-locks","","Door Locks","","{""capacity"":null,""doorWidth"":"""",""dimensions"":"""",""netWeight"":"""",""material"":""SS201 / SS304"",""finish"":"""",""openingAngle"":"""",""holdOpen"":null,""glassThickness"":"""",""otherVerifiedFields"":{}}","assets/images/products/placeholders/door-locks.svg","false","partially-verified","[""doorWidth"",""dimensions"",""netWeight"",""finish"",""holdOpen""]","Imported from the seller's public product list. Only title-level facts are populated. Media status: not-used-legacy-branding-or-baked-copy."
"1601647254257","https://www.alibaba.com/product-detail/Stainless-Steel-No-Drilling-Glass-Door_1601647254257.html","不锈钢免钻孔玻璃门锁带钥匙 10-15 毫米玻璃对玻璃门锁钢化双层玻璃门锁","glass-door-lock-1601647254257","door-locks","","Door Locks","","{""capacity"":null,""doorWidth"":"""",""dimensions"":"""",""netWeight"":"""",""material"":""Stainless steel"",""finish"":"""",""openingAngle"":"""",""holdOpen"":null,""glassThickness"":""10–15 mm"",""otherVerifiedFields"":{}}","assets/images/products/placeholders/door-locks.svg","false","partially-verified","[""doorWidth"",""dimensions"",""netWeight"",""finish"",""holdOpen""]","Imported from the seller's public product list. Only title-level facts are populated. Media status: not-used-legacy-branding-or-baked-copy."
"1601647174558","https://www.alibaba.com/product-detail/Stainless-Steel-No-Drilling-Glass-to_1601647174558.html","不锈钢免钻孔玻璃对玻璃门锁 10-15 毫米表面安装玻璃门锁","glass-door-lock-1601647174558","door-locks","","Door Locks","","{""capacity"":null,""doorWidth"":"""",""dimensions"":"""",""netWeight"":"""",""material"":""Stainless steel"",""finish"":"""",""openingAngle"":"""",""holdOpen"":null,""glassThickness"":""10–15 mm"",""otherVerifiedFields"":{}}","assets/images/products/placeholders/door-locks.svg","false","partially-verified","[""doorWidth"",""dimensions"",""netWeight"",""finish"",""holdOpen""]","Imported from the seller's public product list. Only title-level facts are populated. Media status: not-used-legacy-branding-or-baked-copy."
"1601645508469","https://www.alibaba.com/product-detail/Surface-Mounted-Tempered-Glass-Door-Lock_1601645508469.html","表面安装钢化玻璃门锁 10-15 毫米不锈钢玻璃对玻璃门锁","glass-door-lock-1601645508469","door-locks","","Door Locks","","{""capacity"":null,""doorWidth"":"""",""dimensions"":"""",""netWeight"":"""",""material"":""Stainless steel"",""finish"":"""",""openingAngle"":"""",""holdOpen"":null,""glassThickness"":""10–15 mm"",""otherVerifiedFields"":{}}","assets/images/products/placeholders/door-locks.svg","false","partially-verified","[""doorWidth"",""dimensions"",""netWeight"",""finish"",""holdOpen""]","Imported from the seller's public product list. Only title-level facts are populated. Media status: not-used-legacy-branding-or-baked-copy."
"1601645504561","https://www.alibaba.com/product-detail/Surface-Mounted-Glass-to-Wall-Door_1601645504561.html","表面安装式玻璃门锁 10-15 毫米不锈钢钢化玻璃门锁带钥匙","glass-door-lock-1601645504561","door-locks","","Door Locks","","{""capacity"":null,""doorWidth"":"""",""dimensions"":"""",""netWeight"":"""",""material"":""Stainless steel"",""finish"":"""",""openingAngle"":"""",""holdOpen"":null,""glassThickness"":""10–15 mm"",""otherVerifiedFields"":{}}","assets/images/products/placeholders/door-locks.svg","false","partially-verified","[""doorWidth"",""dimensions"",""netWeight"",""finish"",""holdOpen""]","Imported from the seller's public product list. Only title-level facts are populated. Media status: not-used-legacy-branding-or-baked-copy."
"1601642671566","https://www.alibaba.com/product-detail/Surface-Mounted-No-Dilling-Glass-Door_1601642671566.html","表面安装式免钻孔玻璃门锁，适用于10-15毫米钢化玻璃门锁，不锈钢玻璃到墙壁门锁","glass-door-lock-1601642671566","door-locks","","Door Locks","","{""capacity"":null,""doorWidth"":"""",""dimensions"":"""",""netWeight"":"""",""material"":""Stainless steel"",""finish"":"""",""openingAngle"":"""",""holdOpen"":null,""glassThickness"":""10–15 mm"",""otherVerifiedFields"":{}}","assets/images/products/placeholders/door-locks.svg","false","partially-verified","[""doorWidth"",""dimensions"",""netWeight"",""finish"",""holdOpen""]","Imported from the seller's public product list. Only title-level facts are populated. Media status: not-used-legacy-branding-or-baked-copy."
"1601642594815","https://www.alibaba.com/product-detail/High-quality-School-office-hotel-Glass_1601642594815.html","高品质学校/办公室/酒店玻璃对玻璃门锁 表面安装式玻璃门中央锁","glass-door-lock-1601642594815","door-locks","","Door Locks","","{""capacity"":null,""doorWidth"":"""",""dimensions"":"""",""netWeight"":"""",""material"":"""",""finish"":"""",""openingAngle"":"""",""holdOpen"":null,""glassThickness"":"""",""otherVerifiedFields"":{}}","assets/images/products/placeholders/door-locks.svg","false","partially-verified","[""doorWidth"",""dimensions"",""netWeight"",""finish"",""holdOpen""]","Imported from the seller's public product list. Only title-level facts are populated. Media status: not-used-legacy-branding-or-baked-copy."
"1601639318138","https://www.alibaba.com/product-detail/High-quality-Glass-Door-Central-Lock_1601639318138.html","高品质玻璃门中央锁酒店/学校/办公室玻璃对玻璃门锁带钥匙","glass-door-lock-1601639318138","door-locks","","Door Locks","","{""capacity"":null,""doorWidth"":"""",""dimensions"":"""",""netWeight"":"""",""material"":"""",""finish"":"""",""openingAngle"":"""",""holdOpen"":null,""glassThickness"":"""",""otherVerifiedFields"":{}}","assets/images/products/placeholders/door-locks.svg","false","partially-verified","[""doorWidth"",""dimensions"",""netWeight"",""finish"",""holdOpen""]","Imported from the seller's public product list. Only title-level facts are populated. Media status: not-used-legacy-branding-or-baked-copy."
"1601636289106","https://www.alibaba.com/product-detail/Factory-Direct-Sales-Glass-to-Glass_1601636289106.html","厂家直销玻璃对玻璃门锁 201/304 玻璃门中央锁，适用于10-12毫米钢化玻璃门","glass-door-lock-1601636289106","door-locks","","Door Locks","","{""capacity"":null,""doorWidth"":"""",""dimensions"":"""",""netWeight"":"""",""material"":""SS201 / SS304"",""finish"":"""",""openingAngle"":"""",""holdOpen"":null,""glassThickness"":""10–12 mm"",""otherVerifiedFields"":{}}","assets/images/products/placeholders/door-locks.svg","false","partially-verified","[""doorWidth"",""dimensions"",""netWeight"",""finish"",""holdOpen""]","Imported from the seller's public product list. Only title-level facts are populated. Media status: not-used-legacy-branding-or-baked-copy."
"1601581824781","https://www.alibaba.com/product-detail/Glass-Door-Central-Lock-for-Double_1601581824781.html","玻璃门中控锁双玻璃门10-15毫米钢化玻璃到玻璃门锁带钥匙店餐厅","glass-door-lock-1601581824781","door-locks","","Door Locks","","{""capacity"":null,""doorWidth"":"""",""dimensions"":"""",""netWeight"":"""",""material"":"""",""finish"":"""",""openingAngle"":"""",""holdOpen"":null,""glassThickness"":""10–15 mm"",""otherVerifiedFields"":{}}","assets/images/products/placeholders/door-locks.svg","false","partially-verified","[""doorWidth"",""dimensions"",""netWeight"",""finish"",""holdOpen""]","Imported from the seller's public product list. Only title-level facts are populated. Media status: not-used-legacy-branding-or-baked-copy."
"1601581737382","https://www.alibaba.com/product-detail/High-quality-Glass-Door-Central-Lock_1601581737382.html","高品质玻璃门中控锁表面安装玻璃到玻璃门锁医院酒店学校商店玻璃门锁","glass-door-lock-1601581737382","door-locks","","Door Locks","","{""capacity"":null,""doorWidth"":"""",""dimensions"":"""",""netWeight"":"""",""material"":"""",""finish"":"""",""openingAngle"":"""",""holdOpen"":null,""glassThickness"":"""",""otherVerifiedFields"":{}}","assets/images/products/placeholders/door-locks.svg","false","partially-verified","[""doorWidth"",""dimensions"",""netWeight"",""finish"",""holdOpen""]","Imported from the seller's public product list. Only title-level facts are populated. Media status: not-used-legacy-branding-or-baked-copy."
"1601581679442","https://www.alibaba.com/product-detail/Stainless-Steel-Surface-Mounted-Glass-Door_1601581679442.html","不锈钢表面安装玻璃门锁，带钥匙10 15毫米无缝酒店学校无钻孔玻璃到墙门锁","glass-door-lock-1601581679442","door-locks","","Door Locks","","{""capacity"":null,""doorWidth"":"""",""dimensions"":"""",""netWeight"":"""",""material"":""Stainless steel"",""finish"":"""",""openingAngle"":"""",""holdOpen"":null,""glassThickness"":""10–15 mm"",""otherVerifiedFields"":{}}","assets/images/products/placeholders/door-locks.svg","false","partially-verified","[""doorWidth"",""dimensions"",""netWeight"",""finish"",""holdOpen""]","Imported from the seller's public product list. Only title-level facts are populated. Media status: not-used-legacy-branding-or-baked-copy."
"1601581629539","https://www.alibaba.com/product-detail/201-304-Glass-Door-Central-Lock_1601581629539.html","201/304玻璃门中控锁10-15毫米钢化玻璃到玻璃门锁酒店餐厅商店","glass-door-lock-1601581629539","door-locks","","Door Locks","","{""capacity"":null,""doorWidth"":"""",""dimensions"":"""",""netWeight"":"""",""material"":""SS201 / SS304"",""finish"":"""",""openingAngle"":"""",""holdOpen"":null,""glassThickness"":""10–15 mm"",""otherVerifiedFields"":{}}","assets/images/products/placeholders/door-locks.svg","false","partially-verified","[""doorWidth"",""dimensions"",""netWeight"",""finish"",""holdOpen""]","Imported from the seller's public product list. Only title-level facts are populated. Media status: not-used-legacy-branding-or-baked-copy."
"1601581625114","https://www.alibaba.com/product-detail/Surface-Mounted-Glass-to-Wall-Door_1601581625114.html","表面安装玻璃到墙门锁系统酒店学校钢化玻璃门中控锁不锈钢玻璃门锁","glass-door-lock-1601581625114","door-locks","","Door Locks","","{""capacity"":null,""doorWidth"":"""",""dimensions"":"""",""netWeight"":"""",""material"":""Stainless steel"",""finish"":"""",""openingAngle"":"""",""holdOpen"":null,""glassThickness"":"""",""otherVerifiedFields"":{}}","assets/images/products/placeholders/door-locks.svg","false","partially-verified","[""doorWidth"",""dimensions"",""netWeight"",""finish"",""holdOpen""]","Imported from the seller's public product list. Only title-level facts are populated. Media status: not-used-legacy-branding-or-baked-copy."
"1601581496597","https://www.alibaba.com/product-detail/Surface-Mounted-Glass-Door-Lock-System_1601581496597.html","表面安装玻璃门锁系统10-15毫米无钻孔玻璃门锁商用不锈钢玻璃门锁","glass-door-lock-1601581496597","door-locks","","Door Locks","","{""capacity"":null,""doorWidth"":"""",""dimensions"":"""",""netWeight"":"""",""material"":""Stainless steel"",""finish"":"""",""openingAngle"":"""",""holdOpen"":null,""glassThickness"":""10–15 mm"",""otherVerifiedFields"":{}}","assets/images/products/placeholders/door-locks.svg","false","partially-verified","[""doorWidth"",""dimensions"",""netWeight"",""finish"",""holdOpen""]","Imported from the seller's public product list. Only title-level facts are populated. Media status: not-used-legacy-branding-or-baked-copy."
"1601581494494","https://www.alibaba.com/product-detail/304-Stainless-Steel-Glass-Central-Lock_1601581494494.html","304不锈钢玻璃中控锁玻璃门锁系统10-15毫米厚度现代设计玻璃到墙门锁","glass-door-lock-1601581494494","door-locks","","Door Locks","","{""capacity"":null,""doorWidth"":"""",""dimensions"":"""",""netWeight"":"""",""material"":""SS304"",""finish"":"""",""openingAngle"":"""",""holdOpen"":null,""glassThickness"":""10–15 mm"",""otherVerifiedFields"":{}}","assets/images/products/placeholders/door-locks.svg","false","partially-verified","[""doorWidth"",""dimensions"",""netWeight"",""finish"",""holdOpen""]","Imported from the seller's public product list. Only title-level facts are populated. Media status: not-used-legacy-branding-or-baked-copy."
"1601581439957","https://www.alibaba.com/product-detail/Glass-to-Wall-Lock-10-12mm_1601581439957.html","玻璃对墙锁 10-12 毫米 餐厅/学校玻璃门锁","glass-door-lock-1601581439957","door-locks","","Door Locks","","{""capacity"":null,""doorWidth"":"""",""dimensions"":"""",""netWeight"":"""",""material"":"""",""finish"":"""",""openingAngle"":"""",""holdOpen"":null,""glassThickness"":""10–12 mm"",""otherVerifiedFields"":{}}","assets/images/products/placeholders/door-locks.svg","false","partially-verified","[""doorWidth"",""dimensions"",""netWeight"",""finish"",""holdOpen""]","Imported from the seller's public product list. Only title-level facts are populated. Media status: not-used-legacy-branding-or-baked-copy."
"1601581148366","https://www.alibaba.com/product-detail/304-Stainless-Steel-Lock-for-Glass_1601581148366.html","304不锈钢锁用于玻璃门玻璃中控锁10-12毫米玻璃到墙门锁办公楼","glass-door-lock-1601581148366","door-locks","","Door Locks","","{""capacity"":null,""doorWidth"":"""",""dimensions"":"""",""netWeight"":"""",""material"":""SS304"",""finish"":"""",""openingAngle"":"""",""holdOpen"":null,""glassThickness"":""10–12 mm"",""otherVerifiedFields"":{}}","assets/images/products/placeholders/door-locks.svg","false","partially-verified","[""doorWidth"",""dimensions"",""netWeight"",""finish"",""holdOpen""]","Imported from the seller's public product list. Only title-level facts are populated. Media status: not-used-legacy-branding-or-baked-copy."
"1601581125408","https://www.alibaba.com/product-detail/304-Stainless-Steel-Glass-Door-Lock_1601581125408.html","304不锈钢玻璃门锁玻璃中控锁10-12毫米钢化玻璃到玻璃门锁医院学校酒店","glass-door-lock-1601581125408","door-locks","","Door Locks","","{""capacity"":null,""doorWidth"":"""",""dimensions"":"""",""netWeight"":"""",""material"":""SS304"",""finish"":"""",""openingAngle"":"""",""holdOpen"":null,""glassThickness"":""10–12 mm"",""otherVerifiedFields"":{}}","assets/images/products/placeholders/door-locks.svg","false","partially-verified","[""doorWidth"",""dimensions"",""netWeight"",""finish"",""holdOpen""]","Imported from the seller's public product list. Only title-level facts are populated. Media status: not-used-legacy-branding-or-baked-copy."
"1601496944970","https://www.alibaba.com/product-detail/Glass-to-Glass-Door-Lock-System_1601496944970.html","玻璃对玻璃门锁系统中控锁医院学校商业玻璃门不需要孔","glass-door-lock-1601496944970","door-locks","","Door Locks","","{""capacity"":null,""doorWidth"":"""",""dimensions"":"""",""netWeight"":"""",""material"":"""",""finish"":"""",""openingAngle"":"""",""holdOpen"":null,""glassThickness"":"""",""otherVerifiedFields"":{}}","assets/images/products/placeholders/door-locks.svg","false","partially-verified","[""doorWidth"",""dimensions"",""netWeight"",""finish"",""holdOpen""]","Imported from the seller's public product list. Only title-level facts are populated. Media status: not-used-legacy-branding-or-baked-copy."
"1601496908722","https://www.alibaba.com/product-detail/Glass-Door-Central-Lock-Surface-Mounted_1601496908722.html","玻璃门中控锁表面安装玻璃门锁医院酒店学校商店10-15毫米无钻孔","glass-door-lock-1601496908722","door-locks","","Door Locks","","{""capacity"":null,""doorWidth"":"""",""dimensions"":"""",""netWeight"":"""",""material"":"""",""finish"":"""",""openingAngle"":"""",""holdOpen"":null,""glassThickness"":""10–15 mm"",""otherVerifiedFields"":{}}","assets/images/products/placeholders/door-locks.svg","false","partially-verified","[""doorWidth"",""dimensions"",""netWeight"",""finish"",""holdOpen""]","Imported from the seller's public product list. Only title-level facts are populated. Media status: not-used-legacy-branding-or-baked-copy."
"1601496905240","https://www.alibaba.com/product-detail/Glass-to-Glass-Door-Lock-School_1601496905240.html","玻璃对玻璃门锁学校医院商店玻璃门中控锁","glass-door-lock-1601496905240","door-locks","","Door Locks","","{""capacity"":null,""doorWidth"":"""",""dimensions"":"""",""netWeight"":"""",""material"":"""",""finish"":"""",""openingAngle"":"""",""holdOpen"":null,""glassThickness"":"""",""otherVerifiedFields"":{}}","assets/images/products/placeholders/door-locks.svg","false","partially-verified","[""doorWidth"",""dimensions"",""netWeight"",""finish"",""holdOpen""]","Imported from the seller's public product list. Only title-level facts are populated. Media status: not-used-legacy-branding-or-baked-copy."
"1601496859244","https://www.alibaba.com/product-detail/Glass-to-Glass-Door-Lock-Glass_1601496859244.html","玻璃对玻璃门锁系统医院酒店商店无缝钢化安装","glass-door-lock-1601496859244","door-locks","","Door Locks","","{""capacity"":null,""doorWidth"":"""",""dimensions"":"""",""netWeight"":"""",""material"":"""",""finish"":"""",""openingAngle"":"""",""holdOpen"":null,""glassThickness"":"""",""otherVerifiedFields"":{}}","assets/images/products/placeholders/door-locks.svg","false","partially-verified","[""doorWidth"",""dimensions"",""netWeight"",""finish"",""holdOpen""]","Imported from the seller's public product list. Only title-level facts are populated. Media status: not-used-legacy-branding-or-baked-copy."
"1601496842920","https://www.alibaba.com/product-detail/Surface-Mounted-No-Drill-Glass-Door_1601496842920.html","表面安装无钻玻璃门锁闩玻璃门锁中控锁10-15毫米无缝玻璃门锁带钥匙","glass-door-lock-1601496842920","door-locks","","Door Locks","","{""capacity"":null,""doorWidth"":"""",""dimensions"":"""",""netWeight"":"""",""material"":"""",""finish"":"""",""openingAngle"":"""",""holdOpen"":null,""glassThickness"":""10–15 mm"",""otherVerifiedFields"":{}}","assets/images/products/placeholders/door-locks.svg","false","partially-verified","[""doorWidth"",""dimensions"",""netWeight"",""finish"",""holdOpen""]","Imported from the seller's public product list. Only title-level facts are populated. Media status: not-used-legacy-branding-or-baked-copy."
"1601496673937","https://www.alibaba.com/product-detail/Glass-Door-Central-Lock-Surface-Mounted_1601496673937.html","玻璃门中控锁表面安装玻璃门锁医院酒店学校商店无缝钢化玻璃","glass-door-lock-1601496673937","door-locks","","Door Locks","","{""capacity"":null,""doorWidth"":"""",""dimensions"":"""",""netWeight"":"""",""material"":"""",""finish"":"""",""openingAngle"":"""",""holdOpen"":null,""glassThickness"":"""",""otherVerifiedFields"":{}}","assets/images/products/placeholders/door-locks.svg","false","partially-verified","[""doorWidth"",""dimensions"",""netWeight"",""finish"",""holdOpen""]","Imported from the seller's public product list. Only title-level facts are populated. Media status: not-used-legacy-branding-or-baked-copy."
"1601496672952","https://www.alibaba.com/product-detail/Glass-to-Wall-Door-Lock-Glass_1601496672952.html","玻璃到墙门锁玻璃门锁系统中央机构医院学校免钻安装","glass-door-lock-1601496672952","door-locks","","Door Locks","","{""capacity"":null,""doorWidth"":"""",""dimensions"":"""",""netWeight"":"""",""material"":"""",""finish"":"""",""openingAngle"":"""",""holdOpen"":null,""glassThickness"":"""",""otherVerifiedFields"":{}}","assets/images/products/placeholders/door-locks.svg","false","partially-verified","[""doorWidth"",""dimensions"",""netWeight"",""finish"",""holdOpen""]","Imported from the seller's public product list. Only title-level facts are populated. Media status: not-used-legacy-branding-or-baked-copy."
"1601496660785","https://www.alibaba.com/product-detail/Glass-Door-Central-Lock-Glass-Door_1601496660785.html","玻璃门中控锁玻璃门锁系统医院酒店学校商店钢化玻璃中控锁","glass-door-lock-1601496660785","door-locks","","Door Locks","","{""capacity"":null,""doorWidth"":"""",""dimensions"":"""",""netWeight"":"""",""material"":"""",""finish"":"""",""openingAngle"":"""",""holdOpen"":null,""glassThickness"":"""",""otherVerifiedFields"":{}}","assets/images/products/placeholders/door-locks.svg","false","partially-verified","[""doorWidth"",""dimensions"",""netWeight"",""finish"",""holdOpen""]","Imported from the seller's public product list. Only title-level facts are populated. Media status: not-used-legacy-branding-or-baked-copy."
"1601487188878","https://www.alibaba.com/product-detail/Glass-Door-Central-Lock-Surface-Mounted_1601487188878.html","玻璃门中控锁表面安装玻璃门锁医院酒店学校商店无框钢化玻璃","glass-door-lock-1601487188878","door-locks","","Door Locks","","{""capacity"":null,""doorWidth"":"""",""dimensions"":"""",""netWeight"":"""",""material"":"""",""finish"":"""",""openingAngle"":"""",""holdOpen"":null,""glassThickness"":"""",""otherVerifiedFields"":{}}","assets/images/products/placeholders/door-locks.svg","false","partially-verified","[""doorWidth"",""dimensions"",""netWeight"",""finish"",""holdOpen""]","Imported from the seller's public product list. Only title-level facts are populated. Media status: not-used-legacy-branding-or-baked-copy."
"1601486841017","https://www.alibaba.com/product-detail/Glass-Door-Central-Lock-for-School_1601486841017.html","学校医院商场门的玻璃门中控锁无孔玻璃门锁","glass-door-lock-1601486841017","door-locks","","Door Locks","","{""capacity"":null,""doorWidth"":"""",""dimensions"":"""",""netWeight"":"""",""material"":"""",""finish"":"""",""openingAngle"":"""",""holdOpen"":null,""glassThickness"":"""",""otherVerifiedFields"":{}}","assets/images/products/placeholders/door-locks.svg","false","partially-verified","[""doorWidth"",""dimensions"",""netWeight"",""finish"",""holdOpen""]","Imported from the seller's public product list. Only title-level facts are populated. Media status: not-used-legacy-branding-or-baked-copy."
"1601486776097","https://www.alibaba.com/product-detail/Glass-Door-Central-Lock-for-Frameless_1601486776097.html","无框钢化医院学校门禁控制表面安装无钻玻璃门锁玻璃门中控锁","glass-door-lock-1601486776097","door-locks","","Door Locks","","{""capacity"":null,""doorWidth"":"""",""dimensions"":"""",""netWeight"":"""",""material"":"""",""finish"":"""",""openingAngle"":"""",""holdOpen"":null,""glassThickness"":"""",""otherVerifiedFields"":{}}","assets/images/products/placeholders/door-locks.svg","false","partially-verified","[""doorWidth"",""dimensions"",""netWeight"",""finish"",""holdOpen""]","Imported from the seller's public product list. Only title-level facts are populated. Media status: not-used-legacy-branding-or-baked-copy."
"1601486744301","https://www.alibaba.com/product-detail/Glass-to-Glass-Door-Lock-Frameless_1601486744301.html","玻璃对玻璃门锁无框钢化无钻玻璃门锁，带钥匙医院学校酒店商场玻璃门闩","glass-door-lock-1601486744301","door-locks","","Door Locks","","{""capacity"":null,""doorWidth"":"""",""dimensions"":"""",""netWeight"":"""",""material"":"""",""finish"":"""",""openingAngle"":"""",""holdOpen"":null,""glassThickness"":"""",""otherVerifiedFields"":{}}","assets/images/products/placeholders/door-locks.svg","false","partially-verified","[""doorWidth"",""dimensions"",""netWeight"",""finish"",""holdOpen""]","Imported from the seller's public product list. Only title-level facts are populated. Media status: not-used-legacy-branding-or-baked-copy."
"1601486559288","https://www.alibaba.com/product-detail/Glass-to-Glass-Door-Lock-Surface_1601486559288.html","玻璃到玻璃门锁表面安装门中控锁无钻孔无框钢化玻璃医院学校酒店","glass-door-lock-1601486559288","door-locks","","Door Locks","","{""capacity"":null,""doorWidth"":"""",""dimensions"":"""",""netWeight"":"""",""material"":"""",""finish"":"""",""openingAngle"":"""",""holdOpen"":null,""glassThickness"":"""",""otherVerifiedFields"":{}}","assets/images/products/placeholders/door-locks.svg","false","partially-verified","[""doorWidth"",""dimensions"",""netWeight"",""finish"",""holdOpen""]","Imported from the seller's public product list. Only title-level facts are populated. Media status: not-used-legacy-branding-or-baked-copy."
"1601486528896","https://www.alibaba.com/product-detail/Glass-to-Glass-Door-Lock-Surface_1601486528896.html","玻璃到玻璃门锁表面安装医院学校玻璃门中控锁无需钻孔","glass-door-lock-1601486528896","door-locks","","Door Locks","","{""capacity"":null,""doorWidth"":"""",""dimensions"":"""",""netWeight"":"""",""material"":"""",""finish"":"""",""openingAngle"":"""",""holdOpen"":null,""glassThickness"":"""",""otherVerifiedFields"":{}}","assets/images/products/placeholders/door-locks.svg","false","partially-verified","[""doorWidth"",""dimensions"",""netWeight"",""finish"",""holdOpen""]","Imported from the seller's public product list. Only title-level facts are populated. Media status: not-used-legacy-branding-or-baked-copy."
"1601486511988","https://www.alibaba.com/product-detail/Glass-to-Glass-Central-Lock-Surface_1601486511988.html","医院学校无框玻璃门用玻璃对玻璃中控锁表面安装安全锁","architectural-door-accessory-1601486511988","door-accessories","","Door Accessories","","{""capacity"":null,""doorWidth"":"""",""dimensions"":"""",""netWeight"":"""",""material"":"""",""finish"":"""",""openingAngle"":"""",""holdOpen"":null,""glassThickness"":"""",""otherVerifiedFields"":{}}","assets/images/products/placeholders/door-accessories.svg","false","unclear","[""doorWidth"",""dimensions"",""netWeight"",""finish"",""holdOpen""]","Imported from the seller's public product list. Only title-level facts are populated. Media status: not-used-legacy-branding-or-baked-copy."
"1601486489788","https://www.alibaba.com/product-detail/Central-Lock-for-School-Office-Glass_1601486489788.html","学校办公室中控锁玻璃门玻璃到墙壁中控锁办公室","architectural-door-accessory-1601486489788","door-accessories","","Door Accessories","","{""capacity"":null,""doorWidth"":"""",""dimensions"":"""",""netWeight"":"""",""material"":"""",""finish"":"""",""openingAngle"":"""",""holdOpen"":null,""glassThickness"":"""",""otherVerifiedFields"":{}}","assets/images/products/placeholders/door-accessories.svg","false","unclear","[""doorWidth"",""dimensions"",""netWeight"",""finish"",""holdOpen""]","Imported from the seller's public product list. Only title-level facts are populated. Media status: not-used-legacy-branding-or-baked-copy."
"1601486465647","https://www.alibaba.com/product-detail/Surface-Mounted-Glass-Door-Central-Lock_1601486465647.html","表面安装玻璃门中控锁玻璃到玻璃锁无需钻孔医院商场安全门","architectural-door-accessory-1601486465647","door-accessories","","Door Accessories","","{""capacity"":null,""doorWidth"":"""",""dimensions"":"""",""netWeight"":"""",""material"":"""",""finish"":"""",""openingAngle"":"""",""holdOpen"":null,""glassThickness"":"""",""otherVerifiedFields"":{}}","assets/images/products/placeholders/door-accessories.svg","false","unclear","[""doorWidth"",""dimensions"",""netWeight"",""finish"",""holdOpen""]","Imported from the seller's public product list. Only title-level facts are populated. Media status: not-used-legacy-branding-or-baked-copy."
"1601463644108","https://www.alibaba.com/product-detail/Surface-Mounted-Glass-Door-Lock-with_1601463644108.html","用于办公楼的带钥匙玻璃到玻璃门锁系统的表面安装玻璃门锁学校玻璃门锁无框","glass-door-lock-1601463644108","door-locks","","Door Locks","","{""capacity"":null,""doorWidth"":"""",""dimensions"":"""",""netWeight"":"""",""material"":"""",""finish"":"""",""openingAngle"":"""",""holdOpen"":null,""glassThickness"":"""",""otherVerifiedFields"":{}}","assets/images/products/placeholders/door-locks.svg","false","partially-verified","[""doorWidth"",""dimensions"",""netWeight"",""finish"",""holdOpen""]","Imported from the seller's public product list. Only title-level facts are populated. Media status: not-used-legacy-branding-or-baked-copy."
"1601463542865","https://www.alibaba.com/product-detail/Hotel-Hospital-Glass-Door-Central-Lock_1601463542865.html","酒店医院玻璃门中控锁玻璃到玻璃门锁系统无框安全控制","glass-door-lock-1601463542865","door-locks","","Door Locks","","{""capacity"":null,""doorWidth"":"""",""dimensions"":"""",""netWeight"":"""",""material"":"""",""finish"":"""",""openingAngle"":"""",""holdOpen"":null,""glassThickness"":"""",""otherVerifiedFields"":{}}","assets/images/products/placeholders/door-locks.svg","false","partially-verified","[""doorWidth"",""dimensions"",""netWeight"",""finish"",""holdOpen""]","Imported from the seller's public product list. Only title-level facts are populated. Media status: not-used-legacy-branding-or-baked-copy."
"1601463528033","https://www.alibaba.com/product-detail/Glass-Door-Central-Lock-System-Surface_1601463528033.html","玻璃门中控锁系统表面安装医院玻璃门锁","glass-door-lock-1601463528033","door-locks","","Door Locks","","{""capacity"":null,""doorWidth"":"""",""dimensions"":"""",""netWeight"":"""",""material"":"""",""finish"":"""",""openingAngle"":"""",""holdOpen"":null,""glassThickness"":"""",""otherVerifiedFields"":{}}","assets/images/products/placeholders/door-locks.svg","false","partially-verified","[""doorWidth"",""dimensions"",""netWeight"",""finish"",""holdOpen""]","Imported from the seller's public product list. Only title-level facts are populated. Media status: not-used-legacy-branding-or-baked-copy."
"1601463526344","https://www.alibaba.com/product-detail/Glass-Door-Central-Lock-System-Surface_1601463526344.html","玻璃门中控锁系统表面安装玻璃门锁医院学校办公室安全","glass-door-lock-1601463526344","door-locks","","Door Locks","","{""capacity"":null,""doorWidth"":"""",""dimensions"":"""",""netWeight"":"""",""material"":"""",""finish"":"""",""openingAngle"":"""",""holdOpen"":null,""glassThickness"":"""",""otherVerifiedFields"":{}}","assets/images/products/placeholders/door-locks.svg","false","partially-verified","[""doorWidth"",""dimensions"",""netWeight"",""finish"",""holdOpen""]","Imported from the seller's public product list. Only title-level facts are populated. Media status: not-used-legacy-branding-or-baked-copy."
"1601463450664","https://www.alibaba.com/product-detail/School-Hotel-Office-Glass-Door-Lock_1601463450664.html","学校/酒店/办公室玻璃门锁高品质玻璃门玻璃中控锁","glass-door-lock-1601463450664","door-locks","","Door Locks","","{""capacity"":null,""doorWidth"":"""",""dimensions"":"""",""netWeight"":"""",""material"":"""",""finish"":"""",""openingAngle"":"""",""holdOpen"":null,""glassThickness"":"""",""otherVerifiedFields"":{}}","assets/images/products/placeholders/door-locks.svg","false","partially-verified","[""doorWidth"",""dimensions"",""netWeight"",""finish"",""holdOpen""]","Imported from the seller's public product list. Only title-level facts are populated. Media status: not-used-legacy-branding-or-baked-copy."
"1601463218158","https://www.alibaba.com/product-detail/Hospital-No-Drilling-Glass-Door-Lock_1601463218158.html","医院免钻孔玻璃门锁 表面安装式玻璃门锁系统 玻璃门安装","glass-door-lock-1601463218158","door-locks","","Door Locks","","{""capacity"":null,""doorWidth"":"""",""dimensions"":"""",""netWeight"":"""",""material"":"""",""finish"":"""",""openingAngle"":"""",""holdOpen"":null,""glassThickness"":"""",""otherVerifiedFields"":{}}","assets/images/products/placeholders/door-locks.svg","false","partially-verified","[""doorWidth"",""dimensions"",""netWeight"",""finish"",""holdOpen""]","Imported from the seller's public product list. Only title-level facts are populated. Media status: not-used-legacy-branding-or-baked-copy."
"1601463192717","https://www.alibaba.com/product-detail/Luxury-Hotel-Office-Glass-Door-Central_1601463192717.html","豪华酒店办公室玻璃门中控锁表面安装玻璃到玻璃门锁系统","glass-door-lock-1601463192717","door-locks","","Door Locks","","{""capacity"":null,""doorWidth"":"""",""dimensions"":"""",""netWeight"":"""",""material"":"""",""finish"":"""",""openingAngle"":"""",""holdOpen"":null,""glassThickness"":"""",""otherVerifiedFields"":{}}","assets/images/products/placeholders/door-locks.svg","false","partially-verified","[""doorWidth"",""dimensions"",""netWeight"",""finish"",""holdOpen""]","Imported from the seller's public product list. Only title-level facts are populated. Media status: not-used-legacy-branding-or-baked-copy."
"1601463186636","https://www.alibaba.com/product-detail/Glass-Door-Lock-System-Glass-to_1601463186636.html","玻璃门锁系统玻璃到玻璃门中控锁学校入口酒店大堂玻璃门锁带钥匙","glass-door-lock-1601463186636","door-locks","","Door Locks","","{""capacity"":null,""doorWidth"":"""",""dimensions"":"""",""netWeight"":"""",""material"":"""",""finish"":"""",""openingAngle"":"""",""holdOpen"":null,""glassThickness"":"""",""otherVerifiedFields"":{}}","assets/images/products/placeholders/door-locks.svg","false","partially-verified","[""doorWidth"",""dimensions"",""netWeight"",""finish"",""holdOpen""]","Imported from the seller's public product list. Only title-level facts are populated. Media status: not-used-legacy-branding-or-baked-copy."
"1601463153834","https://www.alibaba.com/product-detail/Glass-Door-Central-Lock-Surface-Mounted_1601463153834.html","玻璃门中控锁表面安装玻璃门锁系统医院玻璃门办公室安全","glass-door-lock-1601463153834","door-locks","","Door Locks","","{""capacity"":null,""doorWidth"":"""",""dimensions"":"""",""netWeight"":"""",""material"":"""",""finish"":"""",""openingAngle"":"""",""holdOpen"":null,""glassThickness"":"""",""otherVerifiedFields"":{}}","assets/images/products/placeholders/door-locks.svg","false","partially-verified","[""doorWidth"",""dimensions"",""netWeight"",""finish"",""holdOpen""]","Imported from the seller's public product list. Only title-level facts are populated. Media status: not-used-legacy-branding-or-baked-copy."
"1601463145374","https://www.alibaba.com/product-detail/Glass-Door-Central-Lock-System-Surface_1601463145374.html","玻璃门中控锁系统表面安装玻璃门锁医院学校办公室玻璃门","glass-door-lock-1601463145374","door-locks","","Door Locks","","{""capacity"":null,""doorWidth"":"""",""dimensions"":"""",""netWeight"":"""",""material"":"""",""finish"":"""",""openingAngle"":"""",""holdOpen"":null,""glassThickness"":"""",""otherVerifiedFields"":{}}","assets/images/products/placeholders/door-locks.svg","false","partially-verified","[""doorWidth"",""dimensions"",""netWeight"",""finish"",""holdOpen""]","Imported from the seller's public product list. Only title-level facts are populated. Media status: not-used-legacy-branding-or-baked-copy."
"1601463128518","https://www.alibaba.com/product-detail/Surface-Mounted-Glass-Door-Lock-Central_1601463128518.html","表面安装玻璃门锁中央系统玻璃到玻璃锁学校医院商业门","glass-door-lock-1601463128518","door-locks","","Door Locks","","{""capacity"":null,""doorWidth"":"""",""dimensions"":"""",""netWeight"":"""",""material"":"""",""finish"":"""",""openingAngle"":"""",""holdOpen"":null,""glassThickness"":"""",""otherVerifiedFields"":{}}","assets/images/products/placeholders/door-locks.svg","false","partially-verified","[""doorWidth"",""dimensions"",""netWeight"",""finish"",""holdOpen""]","Imported from the seller's public product list. Only title-level facts are populated. Media status: not-used-legacy-branding-or-baked-copy."
"1601462523074","https://www.alibaba.com/product-detail/Glass-Door-Central-Lock-Surface-Mounted_1601462523074.html","玻璃门中控锁表面安装玻璃门锁系统医院学校玻璃到墙壁安全","glass-door-lock-1601462523074","door-locks","","Door Locks","","{""capacity"":null,""doorWidth"":"""",""dimensions"":"""",""netWeight"":"""",""material"":"""",""finish"":"""",""openingAngle"":"""",""holdOpen"":null,""glassThickness"":"""",""otherVerifiedFields"":{}}","assets/images/products/placeholders/door-locks.svg","false","partially-verified","[""doorWidth"",""dimensions"",""netWeight"",""finish"",""holdOpen""]","Imported from the seller's public product list. Only title-level facts are populated. Media status: not-used-legacy-branding-or-baked-copy."
"1601462441272","https://www.alibaba.com/product-detail/Glass-Door-Central-Lock-Surface-Mounted_1601462441272.html","玻璃门中控锁表面安装玻璃门锁系统医院学校钢化玻璃安全","glass-door-lock-1601462441272","door-locks","","Door Locks","","{""capacity"":null,""doorWidth"":"""",""dimensions"":"""",""netWeight"":"""",""material"":"""",""finish"":"""",""openingAngle"":"""",""holdOpen"":null,""glassThickness"":"""",""otherVerifiedFields"":{}}","assets/images/products/placeholders/door-locks.svg","false","partially-verified","[""doorWidth"",""dimensions"",""netWeight"",""finish"",""holdOpen""]","Imported from the seller's public product list. Only title-level facts are populated. Media status: not-used-legacy-branding-or-baked-copy."
"1601462388425","https://www.alibaba.com/product-detail/Surface-Mounted-Glass-Door-Lock-Glass_1601462388425.html","表面安装玻璃门锁玻璃到墙壁中控锁系统医院走廊门紧急情况","glass-door-lock-1601462388425","door-locks","","Door Locks","","{""capacity"":null,""doorWidth"":"""",""dimensions"":"""",""netWeight"":"""",""material"":"""",""finish"":"""",""openingAngle"":"""",""holdOpen"":null,""glassThickness"":"""",""otherVerifiedFields"":{}}","assets/images/products/placeholders/door-locks.svg","false","partially-verified","[""doorWidth"",""dimensions"",""netWeight"",""finish"",""holdOpen""]","Imported from the seller's public product list. Only title-level facts are populated. Media status: not-used-legacy-branding-or-baked-copy."
"1601462311223","https://www.alibaba.com/product-detail/Hotel-Tempered-Glass-to-Wall-Door_1601462311223.html","酒店钢化玻璃到墙门锁学校单面安装玻璃门中控锁无钻玻璃门锁","glass-door-lock-1601462311223","door-locks","","Door Locks","","{""capacity"":null,""doorWidth"":"""",""dimensions"":"""",""netWeight"":"""",""material"":"""",""finish"":"""",""openingAngle"":"""",""holdOpen"":null,""glassThickness"":"""",""otherVerifiedFields"":{}}","assets/images/products/placeholders/door-locks.svg","false","partially-verified","[""doorWidth"",""dimensions"",""netWeight"",""finish"",""holdOpen""]","Imported from the seller's public product list. Only title-level facts are populated. Media status: not-used-legacy-branding-or-baked-copy."
"1601462287784","https://www.alibaba.com/product-detail/Glass-Door-Central-Lock-Surface-Mounted_1601462287784.html","玻璃门中控锁表面安装玻璃门锁用于医院学校钢化玻璃安全","glass-door-lock-1601462287784","door-locks","","Door Locks","","{""capacity"":null,""doorWidth"":"""",""dimensions"":"""",""netWeight"":"""",""material"":"""",""finish"":"""",""openingAngle"":"""",""holdOpen"":null,""glassThickness"":"""",""otherVerifiedFields"":{}}","assets/images/products/placeholders/door-locks.svg","false","partially-verified","[""doorWidth"",""dimensions"",""netWeight"",""finish"",""holdOpen""]","Imported from the seller's public product list. Only title-level facts are populated. Media status: not-used-legacy-branding-or-baked-copy."
"1601462193960","https://www.alibaba.com/product-detail/Glass-Door-Central-Lock-System-Glass_1601462193960.html","玻璃门中控锁系统玻璃到墙壁门锁表面安装用于医院玻璃门办公室安全","glass-door-lock-1601462193960","door-locks","","Door Locks","","{""capacity"":null,""doorWidth"":"""",""dimensions"":"""",""netWeight"":"""",""material"":"""",""finish"":"""",""openingAngle"":"""",""holdOpen"":null,""glassThickness"":"""",""otherVerifiedFields"":{}}","assets/images/products/placeholders/door-locks.svg","false","partially-verified","[""doorWidth"",""dimensions"",""netWeight"",""finish"",""holdOpen""]","Imported from the seller's public product list. Only title-level facts are populated. Media status: not-used-legacy-branding-or-baked-copy."
"1601462177087","https://www.alibaba.com/product-detail/Glass-to-Wall-Central-Lock-System_1601462177087.html","酒店医院玻璃到墙中控锁系统表面安装玻璃门锁","glass-door-lock-1601462177087","door-locks","","Door Locks","","{""capacity"":null,""doorWidth"":"""",""dimensions"":"""",""netWeight"":"""",""material"":"""",""finish"":"""",""openingAngle"":"""",""holdOpen"":null,""glassThickness"":"""",""otherVerifiedFields"":{}}","assets/images/products/placeholders/door-locks.svg","false","partially-verified","[""doorWidth"",""dimensions"",""netWeight"",""finish"",""holdOpen""]","Imported from the seller's public product list. Only title-level facts are populated. Media status: not-used-legacy-branding-or-baked-copy."
"1601462146424","https://www.alibaba.com/product-detail/Surface-Mounted-Glass-Door-Lock-Glass_1601462146424.html","用于学校安全玻璃门医院入口的表面安装玻璃门锁玻璃门中控锁系统","glass-door-lock-1601462146424","door-locks","","Door Locks","","{""capacity"":null,""doorWidth"":"""",""dimensions"":"""",""netWeight"":"""",""material"":"""",""finish"":"""",""openingAngle"":"""",""holdOpen"":null,""glassThickness"":"""",""otherVerifiedFields"":{}}","assets/images/products/placeholders/door-locks.svg","false","partially-verified","[""doorWidth"",""dimensions"",""netWeight"",""finish"",""holdOpen""]","Imported from the seller's public product list. Only title-level facts are populated. Media status: not-used-legacy-branding-or-baked-copy."
"1601462070679","https://www.alibaba.com/product-detail/Glass-Door-Central-Lock-Glass-Door_1601462070679.html","玻璃门中控锁玻璃门锁系统表面安装用于医院玻璃门安全","glass-door-lock-1601462070679","door-locks","","Door Locks","","{""capacity"":null,""doorWidth"":"""",""dimensions"":"""",""netWeight"":"""",""material"":"""",""finish"":"""",""openingAngle"":"""",""holdOpen"":null,""glassThickness"":"""",""otherVerifiedFields"":{}}","assets/images/products/placeholders/door-locks.svg","false","partially-verified","[""doorWidth"",""dimensions"",""netWeight"",""finish"",""holdOpen""]","Imported from the seller's public product list. Only title-level facts are populated. Media status: not-used-legacy-branding-or-baked-copy."
"1601460874515","https://www.alibaba.com/product-detail/Glass-Door-Central-Lock-Glass-Door_1601460874515.html","玻璃门中控锁玻璃门锁用于学校安全办公室玻璃门门禁","glass-door-lock-1601460874515","door-locks","","Door Locks","","{""capacity"":null,""doorWidth"":"""",""dimensions"":"""",""netWeight"":"""",""material"":"""",""finish"":"""",""openingAngle"":"""",""holdOpen"":null,""glassThickness"":"""",""otherVerifiedFields"":{}}","assets/images/products/placeholders/door-locks.svg","false","partially-verified","[""doorWidth"",""dimensions"",""netWeight"",""finish"",""holdOpen""]","Imported from the seller's public product list. Only title-level facts are populated. Media status: not-used-legacy-branding-or-baked-copy."
"1601453339038","https://www.alibaba.com/product-detail/Glass-Door-Central-Lock-Stainless-Steel_1601453339038.html","玻璃门中控锁不锈钢201 304钢化玻璃到玻璃门锁系统钢化酒店店餐厅","glass-door-lock-1601453339038","door-locks","","Door Locks","","{""capacity"":null,""doorWidth"":"""",""dimensions"":"""",""netWeight"":"""",""material"":""SS201 / SS304"",""finish"":"""",""openingAngle"":"""",""holdOpen"":null,""glassThickness"":"""",""otherVerifiedFields"":{}}","assets/images/products/placeholders/door-locks.svg","false","partially-verified","[""doorWidth"",""dimensions"",""netWeight"",""finish"",""holdOpen""]","Imported from the seller's public product list. Only title-level facts are populated. Media status: not-used-legacy-branding-or-baked-copy."
"1601452943086","https://www.alibaba.com/product-detail/Glass-Door-Central-Lock-10-15mm_1601452943086.html","玻璃门中央锁10-15毫米钢化玻璃门锁系统酒店餐厅商店","glass-door-lock-1601452943086","door-locks","","Door Locks","","{""capacity"":null,""doorWidth"":"""",""dimensions"":"""",""netWeight"":"""",""material"":"""",""finish"":"""",""openingAngle"":"""",""holdOpen"":null,""glassThickness"":""10–15 mm"",""otherVerifiedFields"":{}}","assets/images/products/placeholders/door-locks.svg","false","partially-verified","[""doorWidth"",""dimensions"",""netWeight"",""finish"",""holdOpen""]","Imported from the seller's public product list. Only title-level facts are populated. Media status: not-used-legacy-branding-or-baked-copy."
"1601452907023","https://www.alibaba.com/product-detail/Glass-Door-Central-Lock-10-15mm_1601452907023.html","玻璃门中控锁10-15毫米钢化双层玻璃到玻璃中控锁","architectural-door-accessory-1601452907023","door-accessories","","Door Accessories","","{""capacity"":null,""doorWidth"":"""",""dimensions"":"""",""netWeight"":"""",""material"":"""",""finish"":"""",""openingAngle"":"""",""holdOpen"":null,""glassThickness"":""10–15 mm"",""otherVerifiedFields"":{}}","assets/images/products/placeholders/door-accessories.svg","false","unclear","[""doorWidth"",""dimensions"",""netWeight"",""finish"",""holdOpen""]","Imported from the seller's public product list. Only title-level facts are populated. Media status: not-used-legacy-branding-or-baked-copy."
"1601452882148","https://www.alibaba.com/product-detail/Glass-to-Glass-Central-Lock-System_1601452882148.html","玻璃对玻璃中控锁系统双层玻璃门锁10-15毫米店酒店钢化","glass-door-lock-1601452882148","door-locks","","Door Locks","","{""capacity"":null,""doorWidth"":"""",""dimensions"":"""",""netWeight"":"""",""material"":"""",""finish"":"""",""openingAngle"":"""",""holdOpen"":null,""glassThickness"":""10–15 mm"",""otherVerifiedFields"":{}}","assets/images/products/placeholders/door-locks.svg","false","partially-verified","[""doorWidth"",""dimensions"",""netWeight"",""finish"",""holdOpen""]","Imported from the seller's public product list. Only title-level facts are populated. Media status: not-used-legacy-branding-or-baked-copy."
"1601452877491","https://www.alibaba.com/product-detail/High-Quality-Glass-Door-Central-Lock_1601452877491.html","高品质玻璃门中央锁 10-15 毫米单层钢化玻璃门锁 酒店","glass-door-lock-1601452877491","door-locks","","Door Locks","","{""capacity"":null,""doorWidth"":"""",""dimensions"":"""",""netWeight"":"""",""material"":"""",""finish"":"""",""openingAngle"":"""",""holdOpen"":null,""glassThickness"":""10–15 mm"",""otherVerifiedFields"":{}}","assets/images/products/placeholders/door-locks.svg","false","partially-verified","[""doorWidth"",""dimensions"",""netWeight"",""finish"",""holdOpen""]","Imported from the seller's public product list. Only title-level facts are populated. Media status: not-used-legacy-branding-or-baked-copy."
"1601452865765","https://www.alibaba.com/product-detail/10-15mm-Tempered-Glass-Central-Lock_1601452865765.html","10-15毫米钢化玻璃中控锁酒店餐厅商店玻璃到玻璃门锁","glass-door-lock-1601452865765","door-locks","","Door Locks","","{""capacity"":null,""doorWidth"":"""",""dimensions"":"""",""netWeight"":"""",""material"":"""",""finish"":"""",""openingAngle"":"""",""holdOpen"":null,""glassThickness"":""10–15 mm"",""otherVerifiedFields"":{}}","assets/images/products/placeholders/door-locks.svg","false","partially-verified","[""doorWidth"",""dimensions"",""netWeight"",""finish"",""holdOpen""]","Imported from the seller's public product list. Only title-level facts are populated. Media status: not-used-legacy-branding-or-baked-copy."
"1601452838142","https://www.alibaba.com/product-detail/Glass-Door-Central-Lock-10-15mm_1601452838142.html","玻璃门中控锁10-15毫米钢化玻璃到玻璃中控锁酒店餐厅商店","architectural-door-accessory-1601452838142","door-accessories","","Door Accessories","","{""capacity"":null,""doorWidth"":"""",""dimensions"":"""",""netWeight"":"""",""material"":"""",""finish"":"""",""openingAngle"":"""",""holdOpen"":null,""glassThickness"":""10–15 mm"",""otherVerifiedFields"":{}}","assets/images/products/placeholders/door-accessories.svg","false","unclear","[""doorWidth"",""dimensions"",""netWeight"",""finish"",""holdOpen""]","Imported from the seller's public product list. Only title-level facts are populated. Media status: not-used-legacy-branding-or-baked-copy."
"1601452615200","https://www.alibaba.com/product-detail/Tempered-Glass-Door-Central-Lock-10_1601452615200.html","钢化玻璃门中控锁10-12毫米店餐厅学校玻璃门锁","glass-door-lock-1601452615200","door-locks","","Door Locks","","{""capacity"":null,""doorWidth"":"""",""dimensions"":"""",""netWeight"":"""",""material"":"""",""finish"":"""",""openingAngle"":"""",""holdOpen"":null,""glassThickness"":""10–12 mm"",""otherVerifiedFields"":{}}","assets/images/products/placeholders/door-locks.svg","false","partially-verified","[""doorWidth"",""dimensions"",""netWeight"",""finish"",""holdOpen""]","Imported from the seller's public product list. Only title-level facts are populated. Media status: not-used-legacy-branding-or-baked-copy."
"1601452612967","https://www.alibaba.com/product-detail/Glass-Door-Central-Lock-10-15mm_1601452612967.html","玻璃门中控锁10-15毫米钢化玻璃门锁系统商店酒店餐厅","glass-door-lock-1601452612967","door-locks","","Door Locks","","{""capacity"":null,""doorWidth"":"""",""dimensions"":"""",""netWeight"":"""",""material"":"""",""finish"":"""",""openingAngle"":"""",""holdOpen"":null,""glassThickness"":""10–15 mm"",""otherVerifiedFields"":{}}","assets/images/products/placeholders/door-locks.svg","false","partially-verified","[""doorWidth"",""dimensions"",""netWeight"",""finish"",""holdOpen""]","Imported from the seller's public product list. Only title-level facts are populated. Media status: not-used-legacy-branding-or-baked-copy."
"1601452574661","https://www.alibaba.com/product-detail/Tempered-Glass-Door-Central-Lock-10_1601452574661.html","钢化玻璃门中控锁10-15毫米玻璃到墙壁门锁","glass-door-lock-1601452574661","door-locks","","Door Locks","","{""capacity"":null,""doorWidth"":"""",""dimensions"":"""",""netWeight"":"""",""material"":"""",""finish"":"""",""openingAngle"":"""",""holdOpen"":null,""glassThickness"":""10–15 mm"",""otherVerifiedFields"":{}}","assets/images/products/placeholders/door-locks.svg","false","partially-verified","[""doorWidth"",""dimensions"",""netWeight"",""finish"",""holdOpen""]","Imported from the seller's public product list. Only title-level facts are populated. Media status: not-used-legacy-branding-or-baked-copy."
"1601452564774","https://www.alibaba.com/product-detail/Glass-to-Glass-Central-Lock-with_1601452564774.html","带玻璃门锁系统的玻璃对玻璃中控锁单面板10-15毫米酒店商店餐厅","glass-door-lock-1601452564774","door-locks","","Door Locks","","{""capacity"":null,""doorWidth"":"""",""dimensions"":"""",""netWeight"":"""",""material"":"""",""finish"":"""",""openingAngle"":"""",""holdOpen"":null,""glassThickness"":""10–15 mm"",""otherVerifiedFields"":{}}","assets/images/products/placeholders/door-locks.svg","false","partially-verified","[""doorWidth"",""dimensions"",""netWeight"",""finish"",""holdOpen""]","Imported from the seller's public product list. Only title-level facts are populated. Media status: not-used-legacy-branding-or-baked-copy."
"1601452556181","https://www.alibaba.com/product-detail/Glass-Door-Central-Lock-System-201_1601452556181.html","玻璃门中控锁系统201不锈钢10 12毫米玻璃门锁酒店学校","glass-door-lock-1601452556181","door-locks","","Door Locks","","{""capacity"":null,""doorWidth"":"""",""dimensions"":"""",""netWeight"":"""",""material"":""SS201"",""finish"":"""",""openingAngle"":"""",""holdOpen"":null,""glassThickness"":""10–12 mm"",""otherVerifiedFields"":{}}","assets/images/products/placeholders/door-locks.svg","false","partially-verified","[""doorWidth"",""dimensions"",""netWeight"",""finish"",""holdOpen""]","Imported from the seller's public product list. Only title-level facts are populated. Media status: not-used-legacy-branding-or-baked-copy."
"1601452548494","https://www.alibaba.com/product-detail/Glass-Door-Central-Lock-and-Glass_1601452548494.html","玻璃门中控锁和玻璃门锁10-12毫米钢化玻璃酒店餐厅学校","glass-door-lock-1601452548494","door-locks","","Door Locks","","{""capacity"":null,""doorWidth"":"""",""dimensions"":"""",""netWeight"":"""",""material"":"""",""finish"":"""",""openingAngle"":"""",""holdOpen"":null,""glassThickness"":""10–12 mm"",""otherVerifiedFields"":{}}","assets/images/products/placeholders/door-locks.svg","false","partially-verified","[""doorWidth"",""dimensions"",""netWeight"",""finish"",""holdOpen""]","Imported from the seller's public product list. Only title-level facts are populated. Media status: not-used-legacy-branding-or-baked-copy."
"1601452516298","https://www.alibaba.com/product-detail/201-304-Stainless-Steel-Glass-Door_1601452516298.html","201 304不锈钢玻璃门锁10-12毫米酒店学校商店玻璃门中控锁","glass-door-lock-1601452516298","door-locks","","Door Locks","","{""capacity"":null,""doorWidth"":"""",""dimensions"":"""",""netWeight"":"""",""material"":""SS201 / SS304"",""finish"":"""",""openingAngle"":"""",""holdOpen"":null,""glassThickness"":""10–12 mm"",""otherVerifiedFields"":{}}","assets/images/products/placeholders/door-locks.svg","false","partially-verified","[""doorWidth"",""dimensions"",""netWeight"",""finish"",""holdOpen""]","Imported from the seller's public product list. Only title-level facts are populated. Media status: not-used-legacy-branding-or-baked-copy."
"1601452441997","https://www.alibaba.com/product-detail/Stainless-Steel-201-304-Tempered-Glass_1601452441997.html","不锈钢201 304钢化玻璃门中控锁10-15毫米店酒店学校玻璃到墙中控锁","architectural-door-accessory-1601452441997","door-accessories","","Door Accessories","","{""capacity"":null,""doorWidth"":"""",""dimensions"":"""",""netWeight"":"""",""material"":""SS201 / SS304"",""finish"":"""",""openingAngle"":"""",""holdOpen"":null,""glassThickness"":""10–15 mm"",""otherVerifiedFields"":{}}","assets/images/products/placeholders/door-accessories.svg","false","unclear","[""doorWidth"",""dimensions"",""netWeight"",""finish"",""holdOpen""]","Imported from the seller's public product list. Only title-level facts are populated. Media status: not-used-legacy-branding-or-baked-copy."
"1601451502084","https://www.alibaba.com/product-detail/Glass-to-Wall-Central-Lock-for_1601451502084.html","10 12毫米钢化玻璃店酒店学校单玻璃门中控锁玻璃到墙中控锁","architectural-door-accessory-1601451502084","door-accessories","","Door Accessories","","{""capacity"":null,""doorWidth"":"""",""dimensions"":"""",""netWeight"":"""",""material"":"""",""finish"":"""",""openingAngle"":"""",""holdOpen"":null,""glassThickness"":""10–12 mm"",""otherVerifiedFields"":{}}","assets/images/products/placeholders/door-accessories.svg","false","unclear","[""doorWidth"",""dimensions"",""netWeight"",""finish"",""holdOpen""]","Imported from the seller's public product list. Only title-level facts are populated. Media status: not-used-legacy-branding-or-baked-copy."
"1601451435316","https://www.alibaba.com/product-detail/High-end-Glass-Door-Central-Lock_1601451435316.html","高端玻璃门中控锁OEM硬件供应商，适用于10 12毫米玻璃到墙壁玻璃门锁酒店/餐厅/学校","glass-door-lock-1601451435316","door-locks","","Door Locks","","{""capacity"":null,""doorWidth"":"""",""dimensions"":"""",""netWeight"":"""",""material"":"""",""finish"":"""",""openingAngle"":"""",""holdOpen"":null,""glassThickness"":""10–12 mm"",""otherVerifiedFields"":{}}","assets/images/products/placeholders/door-locks.svg","false","partially-verified","[""doorWidth"",""dimensions"",""netWeight"",""finish"",""holdOpen""]","Imported from the seller's public product list. Only title-level facts are populated. Media status: not-used-legacy-branding-or-baked-copy."
"1601449331995","https://www.alibaba.com/product-detail/Glass-Door-Lock-System-with-Central_1601449331995.html","带中央锁的玻璃门锁系统不锈钢304 10-12毫米无框/商店/学校玻璃门中央锁","glass-door-lock-1601449331995","door-locks","","Door Locks","","{""capacity"":null,""doorWidth"":"""",""dimensions"":"""",""netWeight"":"""",""material"":""SS304"",""finish"":"""",""openingAngle"":"""",""holdOpen"":null,""glassThickness"":""10–12 mm"",""otherVerifiedFields"":{}}","assets/images/products/placeholders/door-locks.svg","false","partially-verified","[""doorWidth"",""dimensions"",""netWeight"",""finish"",""holdOpen""]","Imported from the seller's public product list. Only title-level facts are populated. Media status: not-used-legacy-branding-or-baked-copy."
"1601579438239","https://www.alibaba.com/product-detail/Stainless-Steel-Glass-Door-Patch-Fittings_1601579438239.html","不锈钢玻璃门贴片配件门夹带锁办公楼应用","glass-door-fitting-1601579438239","glass-door-hardware","","Glass Door Hardware","","{""capacity"":null,""doorWidth"":"""",""dimensions"":"""",""netWeight"":"""",""material"":""Stainless steel"",""finish"":"""",""openingAngle"":"""",""holdOpen"":null,""glassThickness"":"""",""otherVerifiedFields"":{}}","assets/images/products/placeholders/glass-door-hardware.svg","false","partially-verified","[""doorWidth"",""dimensions"",""netWeight"",""finish"",""holdOpen""]","Imported from the seller's public product list. Only title-level facts are populated. Media status: not-used-legacy-branding-or-baked-copy."
"1601687778018","https://www.alibaba.com/product-detail/Hot-selling-Glass-Door-Clamp-with_1601687778018.html","热销玻璃门夹带锁件厂家直销玻璃门配件底锁","glass-door-fitting-1601687778018","glass-door-hardware","","Glass Door Hardware","","{""capacity"":null,""doorWidth"":"""",""dimensions"":"""",""netWeight"":"""",""material"":"""",""finish"":"""",""openingAngle"":"""",""holdOpen"":null,""glassThickness"":"""",""otherVerifiedFields"":{}}","assets/images/products/placeholders/glass-door-hardware.svg","false","partially-verified","[""doorWidth"",""dimensions"",""netWeight"",""finish"",""holdOpen""]","Imported from the seller's public product list. Only title-level facts are populated. Media status: not-used-legacy-branding-or-baked-copy."
"1601448288241","https://www.alibaba.com/product-detail/Adjustable-Glass-Door-Bottom-Clamps-Lock_1601448288241.html","可调节玻璃门底部夹具锁扣 OEM 玻璃门锁片 10-12 毫米框架不锈钢螺丝 淋浴门夹","glass-door-lock-1601448288241","door-locks","","Door Locks","","{""capacity"":null,""doorWidth"":"""",""dimensions"":"""",""netWeight"":"""",""material"":""Stainless steel"",""finish"":"""",""openingAngle"":"""",""holdOpen"":null,""glassThickness"":""10–12 mm"",""otherVerifiedFields"":{}}","assets/images/products/placeholders/door-locks.svg","false","partially-verified","[""doorWidth"",""dimensions"",""netWeight"",""finish"",""holdOpen""]","Imported from the seller's public product list. Only title-level facts are populated. Media status: not-used-legacy-branding-or-baked-copy."
"1601448281323","https://www.alibaba.com/product-detail/Commercial-Glass-Door-Clip-Factory-Direct_1601448281323.html","商用玻璃门夹厂家直销来样定做磨砂玻璃门五金热卖玻璃门底夹锁","glass-door-fitting-1601448281323","glass-door-hardware","","Glass Door Hardware","","{""capacity"":null,""doorWidth"":"""",""dimensions"":"""",""netWeight"":"""",""material"":"""",""finish"":"""",""openingAngle"":"""",""holdOpen"":null,""glassThickness"":"""",""otherVerifiedFields"":{}}","assets/images/products/placeholders/glass-door-hardware.svg","false","partially-verified","[""doorWidth"",""dimensions"",""netWeight"",""finish"",""holdOpen""]","Imported from the seller's public product list. Only title-level facts are populated. Media status: not-used-legacy-branding-or-baked-copy."
"1601469387531","https://www.alibaba.com/product-detail/Glass-Door-Lock-Clamp-Adjustable-for_1601469387531.html","可调整的用于商业办公室和医院门的玻璃门锁夹","glass-door-lock-1601469387531","door-locks","","Door Locks","","{""capacity"":null,""doorWidth"":"""",""dimensions"":"""",""netWeight"":"""",""material"":"""",""finish"":"""",""openingAngle"":"""",""holdOpen"":null,""glassThickness"":"""",""otherVerifiedFields"":{}}","assets/images/products/placeholders/door-locks.svg","false","partially-verified","[""doorWidth"",""dimensions"",""netWeight"",""finish"",""holdOpen""]","Imported from the seller's public product list. Only title-level facts are populated. Media status: not-used-legacy-branding-or-baked-copy."
"1601486364448","https://www.alibaba.com/product-detail/Surface-Mounted-Glass-Door-Clip-With_1601486364448.html","表面安装玻璃门夹带锁钢化玻璃门底夹锁，用于酒店商场双门安装","glass-door-fitting-1601486364448","glass-door-hardware","","Glass Door Hardware","","{""capacity"":null,""doorWidth"":"""",""dimensions"":"""",""netWeight"":"""",""material"":"""",""finish"":"""",""openingAngle"":"""",""holdOpen"":null,""glassThickness"":"""",""otherVerifiedFields"":{}}","assets/images/products/placeholders/glass-door-hardware.svg","false","partially-verified","[""doorWidth"",""dimensions"",""netWeight"",""finish"",""holdOpen""]","Imported from the seller's public product list. Only title-level facts are populated. Media status: not-used-legacy-branding-or-baked-copy."
"1601634358795","https://www.alibaba.com/product-detail/High-quality-Glass-Door-Clip-201_1601634358795.html","高品质玻璃门夹 201/304 玻璃门夹带锁 厂家直销 锁片","glass-door-fitting-1601634358795","glass-door-hardware","","Glass Door Hardware","","{""capacity"":null,""doorWidth"":"""",""dimensions"":"""",""netWeight"":"""",""material"":""SS201 / SS304"",""finish"":"""",""openingAngle"":"""",""holdOpen"":null,""glassThickness"":"""",""otherVerifiedFields"":{}}","assets/images/products/placeholders/glass-door-hardware.svg","false","partially-verified","[""doorWidth"",""dimensions"",""netWeight"",""finish"",""holdOpen""]","Imported from the seller's public product list. Only title-level facts are populated. Media status: not-used-legacy-branding-or-baked-copy."
"1601453481559","https://www.alibaba.com/product-detail/Surface-Mounted-Panic-Bar-Exit-Device_1601453481559.html","表面安装应急杆出口装置商用800毫米长度紧急出口门杆","panic-bar-exit-device-1601453481559","panic-exit-devices","","Panic Exit Devices","","{""capacity"":null,""doorWidth"":"""",""dimensions"":"""",""netWeight"":"""",""material"":"""",""finish"":"""",""openingAngle"":"""",""holdOpen"":null,""glassThickness"":"""",""otherVerifiedFields"":{}}","assets/images/products/placeholders/panic-exit-devices.svg","false","partially-verified","[""doorWidth"",""dimensions"",""netWeight"",""finish"",""holdOpen""]","Imported from the seller's public product list. Only title-level facts are populated. Media status: not-used-legacy-branding-or-baked-copy."
"1601618832030","https://www.alibaba.com/product-detail/No-Digging-Wooden-Door-Floor-Hinge_1601618832030.html","免挖掘木门地弹簧铰链，适用于木门闭门器，90公斤地弹簧铰链，木门地弹簧机","hydraulic-floor-spring-up-to-90-kg-1601618832030","floor-springs","","Floor Springs","","{""capacity"":90,""doorWidth"":"""",""dimensions"":"""",""netWeight"":"""",""material"":"""",""finish"":"""",""openingAngle"":"""",""holdOpen"":null,""glassThickness"":"""",""otherVerifiedFields"":{}}","assets/images/products/placeholders/floor-springs.svg","false","partially-verified","[""doorWidth"",""dimensions"",""netWeight"",""finish"",""holdOpen""]","Imported from the seller's public product list. Only title-level facts are populated. Media status: not-used-legacy-branding-or-baked-copy."
"1601634427521","https://www.alibaba.com/product-detail/Hot-selling-Shower-Glass-Door-Clip_1601634427521.html","热销淋浴玻璃门夹 201/304 低价钢化玻璃门夹","ss201-ss304-shower-door-fitting-1601634427521","shower-hardware","","Shower Hardware","","{""capacity"":null,""doorWidth"":"""",""dimensions"":"""",""netWeight"":"""",""material"":""SS201 / SS304"",""finish"":"""",""openingAngle"":"""",""holdOpen"":null,""glassThickness"":"""",""otherVerifiedFields"":{}}","assets/images/products/placeholders/shower-hardware.svg","false","partially-verified","[""doorWidth"",""dimensions"",""netWeight"",""finish"",""holdOpen""]","Imported from the seller's public product list. Only title-level facts are populated. Media status: not-used-legacy-branding-or-baked-copy."
"1601486359578","https://www.alibaba.com/product-detail/Commercial-Glass-Door-Clamp-Adjustable-Glass_1601486359578.html","商用玻璃门夹可调玻璃门夹表面安装10 12毫米钢化玻璃医院酒店","glass-door-fitting-1601486359578","glass-door-hardware","","Glass Door Hardware","","{""capacity"":null,""doorWidth"":"""",""dimensions"":"""",""netWeight"":"""",""material"":"""",""finish"":"""",""openingAngle"":"""",""holdOpen"":null,""glassThickness"":""10–12 mm"",""otherVerifiedFields"":{}}","assets/images/products/placeholders/glass-door-hardware.svg","false","partially-verified","[""doorWidth"",""dimensions"",""netWeight"",""finish"",""holdOpen""]","Imported from the seller's public product list. Only title-level facts are populated. Media status: not-used-legacy-branding-or-baked-copy."
"1601469714219","https://www.alibaba.com/product-detail/Tempered-Glass-Door-Clamp-Heavy-Duty_1601469714219.html","医院学校用钢化玻璃门夹重型商用玻璃门夹","glass-door-fitting-1601469714219","glass-door-hardware","","Glass Door Hardware","","{""capacity"":null,""doorWidth"":"""",""dimensions"":"""",""netWeight"":"""",""material"":"""",""finish"":"""",""openingAngle"":"""",""holdOpen"":null,""glassThickness"":"""",""otherVerifiedFields"":{}}","assets/images/products/placeholders/glass-door-hardware.svg","false","partially-verified","[""doorWidth"",""dimensions"",""netWeight"",""finish"",""holdOpen""]","Imported from the seller's public product list. Only title-level facts are populated. Media status: not-used-legacy-branding-or-baked-copy."
"1601448332493","https://www.alibaba.com/product-detail/Stainless-Steel-Glass-Door-Clip-Holder_1601448332493.html","不锈钢玻璃门夹固定器，用于商用钢化玻璃门夹无框安全固定","glass-door-fitting-1601448332493","glass-door-hardware","","Glass Door Hardware","","{""capacity"":null,""doorWidth"":"""",""dimensions"":"""",""netWeight"":"""",""material"":""Stainless steel"",""finish"":"""",""openingAngle"":"""",""holdOpen"":null,""glassThickness"":"""",""otherVerifiedFields"":{}}","assets/images/products/placeholders/glass-door-hardware.svg","false","partially-verified","[""doorWidth"",""dimensions"",""netWeight"",""finish"",""holdOpen""]","Imported from the seller's public product list. Only title-level facts are populated. Media status: not-used-legacy-branding-or-baked-copy."
"1601448911936","https://www.alibaba.com/product-detail/Aluminum-Adjustable-Commercial-Door-Closer-800_1601448911936.html","铝制可调商用闭门器800-1000毫米宽度60-85公斤防火/医院/酒店玻璃门智能闭门器","hydraulic-door-closer-up-to-85-kg-1601448911936","door-closers","","Door Closers","","{""capacity"":85,""doorWidth"":""800–1000 mm"",""dimensions"":"""",""netWeight"":"""",""material"":""Aluminum"",""finish"":"""",""openingAngle"":"""",""holdOpen"":null,""glassThickness"":"""",""otherVerifiedFields"":{}}","assets/images/products/placeholders/door-closers.svg","false","partially-verified","[""dimensions"",""netWeight"",""finish"",""holdOpen""]","Imported from the seller's public product list. Only title-level facts are populated. Media status: not-used-legacy-branding-or-baked-copy."
"1601577864660","https://www.alibaba.com/product-detail/40-60kg-Door-Closer-Machine-Exit_1601577864660.html","40-60千克闭门器机器出口闭门器耐腐蚀公共空间紧急访问控制","hydraulic-door-closer-up-to-60-kg-1601577864660","door-closers","","Door Closers","","{""capacity"":60,""doorWidth"":"""",""dimensions"":"""",""netWeight"":"""",""material"":"""",""finish"":"""",""openingAngle"":"""",""holdOpen"":null,""glassThickness"":"""",""otherVerifiedFields"":{}}","assets/images/products/placeholders/door-closers.svg","false","partially-verified","[""doorWidth"",""dimensions"",""netWeight"",""finish"",""holdOpen""]","Imported from the seller's public product list. Only title-level facts are populated. Media status: not-used-legacy-branding-or-baked-copy."
"1601504112065","https://www.alibaba.com/product-detail/Surface-Mounted-Door-Closer-Backcheck-Function_1601504112065.html","表面贴装闭门器回溯功能600-900毫米40-60千克商业大厦商场办公室","hydraulic-door-closer-up-to-60-kg-1601504112065","door-closers","","Door Closers","","{""capacity"":60,""doorWidth"":"""",""dimensions"":"""",""netWeight"":"""",""material"":"""",""finish"":"""",""openingAngle"":"""",""holdOpen"":null,""glassThickness"":"""",""otherVerifiedFields"":{}}","assets/images/products/placeholders/door-closers.svg","false","partially-verified","[""doorWidth"",""dimensions"",""netWeight"",""finish"",""holdOpen""]","Imported from the seller's public product list. Only title-level facts are populated. Media status: not-used-legacy-branding-or-baked-copy."
"1601504108281","https://www.alibaba.com/product-detail/Backcheck-Door-Closer-Fire-Rated-Aluminum_1601504108281.html","回溯门闭合器防火铝40-60千克600-900毫米酒店商场办公室防火门","hydraulic-door-closer-up-to-60-kg-1601504108281","door-closers","","Door Closers","","{""capacity"":60,""doorWidth"":"""",""dimensions"":"""",""netWeight"":"""",""material"":"""",""finish"":"""",""openingAngle"":"""",""holdOpen"":null,""glassThickness"":"""",""otherVerifiedFields"":{}}","assets/images/products/placeholders/door-closers.svg","false","partially-verified","[""doorWidth"",""dimensions"",""netWeight"",""finish"",""holdOpen""]","Imported from the seller's public product list. Only title-level facts are populated. Media status: not-used-legacy-branding-or-baked-copy."
"1601504091154","https://www.alibaba.com/product-detail/Fire-Rated-Door-Closer-Backcheck-Door_1601504091154.html","防火闭门器回溯门闭门器铝医院酒店学校商场防火安全门","hydraulic-door-closer-1601504091154","door-closers","","Door Closers","","{""capacity"":null,""doorWidth"":"""",""dimensions"":"""",""netWeight"":"""",""material"":"""",""finish"":"""",""openingAngle"":"""",""holdOpen"":null,""glassThickness"":"""",""otherVerifiedFields"":{}}","assets/images/products/placeholders/door-closers.svg","true","partially-verified","[""doorWidth"",""dimensions"",""netWeight"",""finish"",""holdOpen""]","Imported from the seller's public product list. Only title-level facts are populated. Media status: not-used-legacy-branding-or-baked-copy."
"1601504007749","https://www.alibaba.com/product-detail/Fire-Rated-Door-Closer-Aluminum-Backcheck_1601504007749.html","防火门闭合器铝制回溯600-900毫米医院商场商业防火门","hydraulic-door-closer-1601504007749","door-closers","","Door Closers","","{""capacity"":null,""doorWidth"":"""",""dimensions"":"""",""netWeight"":"""",""material"":""Aluminum"",""finish"":"""",""openingAngle"":"""",""holdOpen"":null,""glassThickness"":"""",""otherVerifiedFields"":{}}","assets/images/products/placeholders/door-closers.svg","false","partially-verified","[""doorWidth"",""dimensions"",""netWeight"",""finish"",""holdOpen""]","Imported from the seller's public product list. Only title-level facts are populated. Media status: not-used-legacy-branding-or-baked-copy."
"1601504000596","https://www.alibaba.com/product-detail/Fire-Rated-Backcheck-Door-Closer-Aluminum_1601504000596.html","防火回选门闭合器铝制表面安装酒店办公室防火门","hydraulic-door-closer-1601504000596","door-closers","","Door Closers","","{""capacity"":null,""doorWidth"":"""",""dimensions"":"""",""netWeight"":"""",""material"":""Aluminum"",""finish"":"""",""openingAngle"":"""",""holdOpen"":null,""glassThickness"":"""",""otherVerifiedFields"":{}}","assets/images/products/placeholders/door-closers.svg","false","partially-verified","[""doorWidth"",""dimensions"",""netWeight"",""finish"",""holdOpen""]","Imported from the seller's public product list. Only title-level facts are populated. Media status: not-used-legacy-branding-or-baked-copy."
"1601621190379","https://www.alibaba.com/product-detail/Escape-Door-Door-Closer-Automatic-High_1601621190379.html","逃生门闭门器自动高品质铝制闭门器支撑门重量为40-60千克","hydraulic-door-closer-up-to-60-kg-1601621190379","door-closers","","Door Closers","","{""capacity"":60,""doorWidth"":"""",""dimensions"":"""",""netWeight"":"""",""material"":""Aluminum"",""finish"":"""",""openingAngle"":"""",""holdOpen"":null,""glassThickness"":"""",""otherVerifiedFields"":{}}","assets/images/products/placeholders/door-closers.svg","false","partially-verified","[""doorWidth"",""dimensions"",""netWeight"",""finish"",""holdOpen""]","Imported from the seller's public product list. Only title-level facts are populated. Media status: not-used-legacy-branding-or-baked-copy."
"1601627803347","https://www.alibaba.com/product-detail/High-quality-Escape-Door-Closer-Maximum_1601627803347.html","高品质逃生门闭合器最大重量65千克办公楼防火门隐藏门闭合器回溯门闭合器","hydraulic-door-closer-up-to-65-kg-1601627803347","door-closers","","Door Closers","","{""capacity"":65,""doorWidth"":"""",""dimensions"":"""",""netWeight"":"""",""material"":"""",""finish"":"""",""openingAngle"":"""",""holdOpen"":null,""glassThickness"":"""",""otherVerifiedFields"":{}}","assets/images/products/placeholders/door-closers.svg","false","partially-verified","[""doorWidth"",""dimensions"",""netWeight"",""finish"",""holdOpen""]","Imported from the seller's public product list. Only title-level facts are populated. Media status: not-used-legacy-branding-or-baked-copy."
"1601577870829","https://www.alibaba.com/product-detail/Surface-Mounted-Door-Closer-Heavy-Duty_1601577870829.html","表面安装闭门器重型闭门器机械建筑公共建筑安全","hydraulic-door-closer-1601577870829","door-closers","","Door Closers","","{""capacity"":null,""doorWidth"":"""",""dimensions"":"""",""netWeight"":"""",""material"":"""",""finish"":"""",""openingAngle"":"""",""holdOpen"":null,""glassThickness"":"""",""otherVerifiedFields"":{}}","assets/images/products/placeholders/door-closers.svg","false","partially-verified","[""doorWidth"",""dimensions"",""netWeight"",""finish"",""holdOpen""]","Imported from the seller's public product list. Only title-level facts are populated. Media status: not-used-legacy-branding-or-baked-copy."
"1601503762830","https://www.alibaba.com/product-detail/Fire-Rated-Door-Closer-Concealed-Door_1601503762830.html","防火闭门器隐藏式闭门器医院消防出口酒店学校商场应急门","hydraulic-door-closer-1601503762830","door-closers","","Door Closers","","{""capacity"":null,""doorWidth"":"""",""dimensions"":"""",""netWeight"":"""",""material"":"""",""finish"":"""",""openingAngle"":"""",""holdOpen"":null,""glassThickness"":"""",""otherVerifiedFields"":{}}","assets/images/products/placeholders/door-closers.svg","false","partially-verified","[""doorWidth"",""dimensions"",""netWeight"",""finish"",""holdOpen""]","Imported from the seller's public product list. Only title-level facts are populated. Media status: not-used-legacy-branding-or-baked-copy."
"1601448970804","https://www.alibaba.com/product-detail/Heavy-Duty-Aluminum-Fire-Rated-Door_1601448970804.html","重型铝防火闭门器隐藏式安装，适用于600-900毫米医院商用闭门器45-65公斤","hydraulic-door-closer-up-to-65-kg-1601448970804","door-closers","","Door Closers","","{""capacity"":65,""doorWidth"":"""",""dimensions"":"""",""netWeight"":"""",""material"":"""",""finish"":"""",""openingAngle"":"""",""holdOpen"":null,""glassThickness"":"""",""otherVerifiedFields"":{}}","assets/images/products/placeholders/door-closers.svg","false","partially-verified","[""doorWidth"",""dimensions"",""netWeight"",""finish"",""holdOpen""]","Imported from the seller's public product list. Only title-level facts are populated. Media status: not-used-legacy-branding-or-baked-copy."
"1601459890780","https://www.alibaba.com/product-detail/Fire-Rated-Door-Closer-Hydraulic-600_1601459890780.html","防火闭门器液压600-900毫米宽度医院应急门酒店隐藏式闭门器","hydraulic-door-closer-1601459890780","door-closers","","Door Closers","","{""capacity"":null,""doorWidth"":""600–900 mm"",""dimensions"":"""",""netWeight"":"""",""material"":"""",""finish"":"""",""openingAngle"":"""",""holdOpen"":null,""glassThickness"":"""",""otherVerifiedFields"":{}}","assets/images/products/placeholders/door-closers.svg","false","partially-verified","[""dimensions"",""netWeight"",""finish"",""holdOpen""]","Imported from the seller's public product list. Only title-level facts are populated. Media status: not-used-legacy-branding-or-baked-copy."
"1601459906755","https://www.alibaba.com/product-detail/Hospital-Door-Closer-Hotel-Fire-Rated_1601459906755.html","医院闭门器酒店防火隐藏式闭门器自动160度开启商业安全","hydraulic-door-closer-1601459906755","door-closers","","Door Closers","","{""capacity"":null,""doorWidth"":"""",""dimensions"":"""",""netWeight"":"""",""material"":"""",""finish"":"""",""openingAngle"":""160°"",""holdOpen"":null,""glassThickness"":"""",""otherVerifiedFields"":{}}","assets/images/products/placeholders/door-closers.svg","true","partially-verified","[""doorWidth"",""dimensions"",""netWeight"",""finish"",""holdOpen""]","Imported from the seller's public product list. Only title-level facts are populated. Media status: not-used-legacy-branding-or-baked-copy."
"1601469042069","https://www.alibaba.com/product-detail/Hospital-Door-Closer-Hotel-Fire-Rated_1601469042069.html","医院闭门器酒店防火隐藏式闭门器自动160度开启商业安全","hydraulic-door-closer-1601469042069","door-closers","","Door Closers","","{""capacity"":null,""doorWidth"":"""",""dimensions"":"""",""netWeight"":"""",""material"":"""",""finish"":"""",""openingAngle"":""160°"",""holdOpen"":null,""glassThickness"":"""",""otherVerifiedFields"":{}}","assets/images/products/placeholders/door-closers.svg","true","partially-verified","[""doorWidth"",""dimensions"",""netWeight"",""finish"",""holdOpen""]","Imported from the seller's public product list. Only title-level facts are populated. Media status: not-used-legacy-branding-or-baked-copy."
"1601449089348","https://www.alibaba.com/product-detail/Smart-Concealed-Door-Closer-with-Backcheck_1601449089348.html","医院酒店门600-900毫米45-65kg带回检功能的智能隐藏式闭门器","hydraulic-door-closer-up-to-65-kg-1601449089348","door-closers","","Door Closers","","{""capacity"":65,""doorWidth"":"""",""dimensions"":"""",""netWeight"":"""",""material"":"""",""finish"":"""",""openingAngle"":"""",""holdOpen"":null,""glassThickness"":"""",""otherVerifiedFields"":{}}","assets/images/products/placeholders/door-closers.svg","false","partially-verified","[""doorWidth"",""dimensions"",""netWeight"",""finish"",""holdOpen""]","Imported from the seller's public product list. Only title-level facts are populated. Media status: not-used-legacy-branding-or-baked-copy."
"1601449117313","https://www.alibaba.com/product-detail/Adjustable-Concealed-Door-Closer-for-Glass_1601449117313.html","用于玻璃门的可调隐藏式闭门器医院学校使用600-900毫米宽度45-65公斤负载能力","hydraulic-door-closer-up-to-65-kg-1601449117313","door-closers","","Door Closers","","{""capacity"":65,""doorWidth"":""600–900 mm"",""dimensions"":"""",""netWeight"":"""",""material"":"""",""finish"":"""",""openingAngle"":"""",""holdOpen"":null,""glassThickness"":"""",""otherVerifiedFields"":{}}","assets/images/products/placeholders/door-closers.svg","false","partially-verified","[""dimensions"",""netWeight"",""finish"",""holdOpen""]","Imported from the seller's public product list. Only title-level facts are populated. Media status: not-used-legacy-branding-or-baked-copy."
"1601458011641","https://www.alibaba.com/product-detail/Concealed-Door-Closer-Bearing-Weight-35_1601458011641.html","隐藏式闭门器承重35-65KG门宽600-1100毫米门铰链","hydraulic-door-closer-up-to-65-kg-1601458011641","door-closers","","Door Closers","","{""capacity"":65,""doorWidth"":""600–1100 mm"",""dimensions"":"""",""netWeight"":"""",""material"":"""",""finish"":"""",""openingAngle"":"""",""holdOpen"":null,""glassThickness"":"""",""otherVerifiedFields"":{}}","assets/images/products/placeholders/door-closers.svg","false","partially-verified","[""dimensions"",""netWeight"",""finish"",""holdOpen""]","Imported from the seller's public product list. Only title-level facts are populated. Media status: not-used-legacy-branding-or-baked-copy."
"1601460006306","https://www.alibaba.com/product-detail/School-Fire-Rated-Door-Closer-Hospital_1601460006306.html","学校防火闭门器医院酒店隐藏式闭门器160 ° 打开角度紧急出口通道","hydraulic-door-closer-1601460006306","door-closers","","Door Closers","","{""capacity"":null,""doorWidth"":"""",""dimensions"":"""",""netWeight"":"""",""material"":"""",""finish"":"""",""openingAngle"":""160°"",""holdOpen"":null,""glassThickness"":"""",""otherVerifiedFields"":{}}","assets/images/products/placeholders/door-closers.svg","false","partially-verified","[""doorWidth"",""dimensions"",""netWeight"",""finish"",""holdOpen""]","Imported from the seller's public product list. Only title-level facts are populated. Media status: not-used-legacy-branding-or-baked-copy."
"1601503762971","https://www.alibaba.com/product-detail/Aluminum-Door-Closer-600-900mm-Width_1601503762971.html","铝制闭门器600-900毫米宽度购物中心医院消防通道闭门器","hydraulic-door-closer-1601503762971","door-closers","","Door Closers","","{""capacity"":null,""doorWidth"":""600–900 mm"",""dimensions"":"""",""netWeight"":"""",""material"":""Aluminum"",""finish"":"""",""openingAngle"":"""",""holdOpen"":null,""glassThickness"":"""",""otherVerifiedFields"":{}}","assets/images/products/placeholders/door-closers.svg","false","partially-verified","[""dimensions"",""netWeight"",""finish"",""holdOpen""]","Imported from the seller's public product list. Only title-level facts are populated. Media status: not-used-legacy-branding-or-baked-copy."
"1601578010082","https://www.alibaba.com/product-detail/Fire-Rated-Door-Closers-Door-Closer_1601578010082.html","防火闭门器闭门器机械耐腐蚀材料安全认证","hydraulic-door-closer-1601578010082","door-closers","","Door Closers","","{""capacity"":null,""doorWidth"":"""",""dimensions"":"""",""netWeight"":"""",""material"":"""",""finish"":"""",""openingAngle"":"""",""holdOpen"":null,""glassThickness"":"""",""otherVerifiedFields"":{}}","assets/images/products/placeholders/door-closers.svg","false","partially-verified","[""doorWidth"",""dimensions"",""netWeight"",""finish"",""holdOpen""]","Imported from the seller's public product list. Only title-level facts are populated. Media status: not-used-legacy-branding-or-baked-copy."
"1601627864215","https://www.alibaba.com/product-detail/Hot-Sale-square-Overhand-Door-Closer_1601627864215.html","热卖方形上手闭门器600-900毫米优质铝门闭门器","hydraulic-door-closer-1601627864215","door-closers","","Door Closers","","{""capacity"":null,""doorWidth"":"""",""dimensions"":"""",""netWeight"":"""",""material"":"""",""finish"":"""",""openingAngle"":"""",""holdOpen"":null,""glassThickness"":"""",""otherVerifiedFields"":{}}","assets/images/products/placeholders/door-closers.svg","false","partially-verified","[""doorWidth"",""dimensions"",""netWeight"",""finish"",""holdOpen""]","Imported from the seller's public product list. Only title-level facts are populated. Media status: not-used-legacy-branding-or-baked-copy."
"1601688380825","https://www.alibaba.com/product-detail/Factory-Direct-Sales-Glass-Door-Clamp_1601688380825.html","厂家直销玻璃门夹片配件 高端不锈钢淋浴玻璃门夹子 适用于玻璃门","stainless-steel-shower-door-fitting-1601688380825","shower-hardware","","Shower Hardware","","{""capacity"":null,""doorWidth"":"""",""dimensions"":"""",""netWeight"":"""",""material"":""Stainless steel"",""finish"":"""",""openingAngle"":"""",""holdOpen"":null,""glassThickness"":"""",""otherVerifiedFields"":{}}","assets/images/products/placeholders/shower-hardware.svg","false","partially-verified","[""doorWidth"",""dimensions"",""netWeight"",""finish"",""holdOpen""]","Imported from the seller's public product list. Only title-level facts are populated. Media status: not-used-legacy-branding-or-baked-copy."
"1601437737745","https://www.alibaba.com/product-detail/Glass-Door-Clamp-for-Frameless-Shower_1601437737745.html","无框淋浴门用玻璃门夹智能玻璃门夹高品质","shower-door-fitting-1601437737745","shower-hardware","","Shower Hardware","","{""capacity"":null,""doorWidth"":"""",""dimensions"":"""",""netWeight"":"""",""material"":"""",""finish"":"""",""openingAngle"":"""",""holdOpen"":null,""glassThickness"":"""",""otherVerifiedFields"":{}}","assets/images/products/placeholders/shower-hardware.svg","false","partially-verified","[""doorWidth"",""dimensions"",""netWeight"",""finish"",""holdOpen""]","Imported from the seller's public product list. Only title-level facts are populated. Media status: not-used-legacy-branding-or-baked-copy."
"1601469877191","https://www.alibaba.com/product-detail/Commercial-Glass-Door-Clamp-Bathroom-Tempered_1601469877191.html","商用玻璃门夹浴室钢化玻璃双门夹10-12毫米","glass-door-fitting-1601469877191","glass-door-hardware","","Glass Door Hardware","","{""capacity"":null,""doorWidth"":"""",""dimensions"":"""",""netWeight"":"""",""material"":"""",""finish"":"""",""openingAngle"":"""",""holdOpen"":null,""glassThickness"":""10–12 mm"",""otherVerifiedFields"":{}}","assets/images/products/placeholders/glass-door-hardware.svg","false","partially-verified","[""doorWidth"",""dimensions"",""netWeight"",""finish"",""holdOpen""]","Imported from the seller's public product list. Only title-level facts are populated. Media status: not-used-legacy-branding-or-baked-copy."
"1601469884214","https://www.alibaba.com/product-detail/Office-Restaurant-Glass-Door-Clamp-Commercial_1601469884214.html","办公室餐厅玻璃门夹商用可调配件10-12毫米厚度","glass-door-fitting-1601469884214","glass-door-hardware","","Glass Door Hardware","","{""capacity"":null,""doorWidth"":"""",""dimensions"":"""",""netWeight"":"""",""material"":"""",""finish"":"""",""openingAngle"":"""",""holdOpen"":null,""glassThickness"":""10–12 mm"",""otherVerifiedFields"":{}}","assets/images/products/placeholders/glass-door-hardware.svg","false","partially-verified","[""doorWidth"",""dimensions"",""netWeight"",""finish"",""holdOpen""]","Imported from the seller's public product list. Only title-level facts are populated. Media status: not-used-legacy-branding-or-baked-copy."
"1601486547012","https://www.alibaba.com/product-detail/Tempered-Glass-Door-Clamp-Clips-for_1601486547012.html","双门钢化玻璃门夹夹酒店商场10-12毫米玻璃门五金","glass-door-fitting-1601486547012","glass-door-hardware","","Glass Door Hardware","","{""capacity"":null,""doorWidth"":"""",""dimensions"":"""",""netWeight"":"""",""material"":"""",""finish"":"""",""openingAngle"":"""",""holdOpen"":null,""glassThickness"":""10–12 mm"",""otherVerifiedFields"":{}}","assets/images/products/placeholders/glass-door-hardware.svg","false","partially-verified","[""doorWidth"",""dimensions"",""netWeight"",""finish"",""holdOpen""]","Imported from the seller's public product list. Only title-level facts are populated. Media status: not-used-legacy-branding-or-baked-copy."
"1601579379932","https://www.alibaba.com/product-detail/201-304-Stainless-Steel-Glass-Door_1601579379932.html","201/304不锈钢玻璃门夹钢化玻璃门贴片配件现代设计","glass-door-fitting-1601579379932","glass-door-hardware","","Glass Door Hardware","","{""capacity"":null,""doorWidth"":"""",""dimensions"":"""",""netWeight"":"""",""material"":""SS201 / SS304"",""finish"":"""",""openingAngle"":"""",""holdOpen"":null,""glassThickness"":"""",""otherVerifiedFields"":{}}","assets/images/products/placeholders/glass-door-hardware.svg","false","partially-verified","[""doorWidth"",""dimensions"",""netWeight"",""finish"",""holdOpen""]","Imported from the seller's public product list. Only title-level facts are populated. Media status: not-used-legacy-branding-or-baked-copy."
"1601486417748","https://www.alibaba.com/product-detail/Adjustable-Glass-Door-Clamp-Double-Door_1601486417748.html","可调式玻璃门夹双门夹系统表面安装酒店商场安装","glass-door-fitting-1601486417748","glass-door-hardware","","Glass Door Hardware","","{""capacity"":null,""doorWidth"":"""",""dimensions"":"""",""netWeight"":"""",""material"":"""",""finish"":"""",""openingAngle"":"""",""holdOpen"":null,""glassThickness"":"""",""otherVerifiedFields"":{}}","assets/images/products/placeholders/glass-door-hardware.svg","false","partially-verified","[""doorWidth"",""dimensions"",""netWeight"",""finish"",""holdOpen""]","Imported from the seller's public product list. Only title-level facts are populated. Media status: not-used-legacy-branding-or-baked-copy."
"1601635245249","https://www.alibaba.com/product-detail/Factory-Direct-Shower-Glass-Door-Clmaps_1601635245249.html","厂家直销淋浴玻璃门夹 低价 201/304 玻璃门配件","ss201-ss304-shower-door-fitting-1601635245249","shower-hardware","","Shower Hardware","","{""capacity"":null,""doorWidth"":"""",""dimensions"":"""",""netWeight"":"""",""material"":""SS201 / SS304"",""finish"":"""",""openingAngle"":"""",""holdOpen"":null,""glassThickness"":"""",""otherVerifiedFields"":{}}","assets/images/products/placeholders/shower-hardware.svg","false","partially-verified","[""doorWidth"",""dimensions"",""netWeight"",""finish"",""holdOpen""]","Imported from the seller's public product list. Only title-level facts are populated. Media status: not-used-legacy-branding-or-baked-copy."
"1601471419253","https://www.alibaba.com/product-detail/Aluminum-Mini-Door-Closer-Fire-Rated_1601471419253.html","铝制迷你闭门器防火门铰链","hydraulic-door-closer-1601471419253","door-closers","","Door Closers","","{""capacity"":null,""doorWidth"":"""",""dimensions"":"""",""netWeight"":"""",""material"":""Aluminum"",""finish"":"""",""openingAngle"":"""",""holdOpen"":null,""glassThickness"":"""",""otherVerifiedFields"":{}}","assets/images/products/door-closers/hydraulic-door-closer-1601471419253/main.avif","false","partially-verified","[""doorWidth"",""dimensions"",""netWeight"",""finish"",""holdOpen""]","Imported from the seller's public product list. Only title-level facts are populated. Media status: approved-clean-listing-image."
"1601459855322","https://www.alibaba.com/product-detail/Automatic-Surface-Mounted-Door-Closer-125_1601459855322.html","自动表面安装闭门器125 ° 打开角度铝商业医院酒店闭门器","hydraulic-door-closer-1601459855322","door-closers","","Door Closers","","{""capacity"":null,""doorWidth"":"""",""dimensions"":"""",""netWeight"":"""",""material"":"""",""finish"":"""",""openingAngle"":""125°"",""holdOpen"":null,""glassThickness"":"""",""otherVerifiedFields"":{}}","assets/images/products/placeholders/door-closers.svg","false","partially-verified","[""doorWidth"",""dimensions"",""netWeight"",""finish"",""holdOpen""]","Imported from the seller's public product list. Only title-level facts are populated. Media status: not-used-legacy-branding-or-baked-copy."
"1601449246565","https://www.alibaba.com/product-detail/Aluminum-Fire-Rated-Door-Closer-Commercial_1601449246565.html","铝制防火闭门器商用/医院/学校玻璃智能门闭门器600-900毫米宽度45-65公斤重型","hydraulic-door-closer-up-to-65-kg-1601449246565","door-closers","","Door Closers","","{""capacity"":65,""doorWidth"":""600–900 mm"",""dimensions"":"""",""netWeight"":"""",""material"":""Aluminum"",""finish"":"""",""openingAngle"":"""",""holdOpen"":null,""glassThickness"":"""",""otherVerifiedFields"":{}}","assets/images/products/door-closers/hydraulic-door-closer-up-to-65-kg-1601449246565/main.avif","false","partially-verified","[""dimensions"",""netWeight"",""finish"",""holdOpen""]","Imported from the seller's public product list. Only title-level facts are populated. Media status: approved-clean-listing-image."
"1601449288321","https://www.alibaba.com/product-detail/Adjustable-Aluminum-Door-Closer-Heavy-Duty_1601449288321.html","可调铝制闭门器重型45-65公斤医院/酒店/安全门600-900毫米防火等级","hydraulic-door-closer-up-to-65-kg-1601449288321","door-closers","","Door Closers","","{""capacity"":65,""doorWidth"":"""",""dimensions"":"""",""netWeight"":"""",""material"":""Aluminum"",""finish"":"""",""openingAngle"":"""",""holdOpen"":null,""glassThickness"":"""",""otherVerifiedFields"":{}}","assets/images/products/placeholders/door-closers.svg","false","partially-verified","[""doorWidth"",""dimensions"",""netWeight"",""finish"",""holdOpen""]","Imported from the seller's public product list. Only title-level facts are populated. Media status: not-used-legacy-branding-or-baked-copy."
"1601460332984","https://www.alibaba.com/product-detail/Surface-Mounted-Door-Closer-Aluminum-Door_1601460332984.html","表面安装闭门器铝制闭门器45-65公斤酒店大堂商用闭门器","hydraulic-door-closer-up-to-65-kg-1601460332984","door-closers","","Door Closers","","{""capacity"":65,""doorWidth"":"""",""dimensions"":"""",""netWeight"":"""",""material"":""Aluminum"",""finish"":"""",""openingAngle"":"""",""holdOpen"":null,""glassThickness"":"""",""otherVerifiedFields"":{}}","assets/images/products/placeholders/door-closers.svg","false","partially-verified","[""doorWidth"",""dimensions"",""netWeight"",""finish"",""holdOpen""]","Imported from the seller's public product list. Only title-level facts are populated. Media status: not-used-legacy-branding-or-baked-copy."
"1601503911422","https://www.alibaba.com/product-detail/Surface-Mounted-Door-Closer-Backcheck-Function_1601503911422.html","表面安装式闭门器回溯功能商用防火门600-900毫米45-65千克","hydraulic-door-closer-up-to-65-kg-1601503911422","door-closers","","Door Closers","","{""capacity"":65,""doorWidth"":"""",""dimensions"":"""",""netWeight"":"""",""material"":"""",""finish"":"""",""openingAngle"":"""",""holdOpen"":null,""glassThickness"":"""",""otherVerifiedFields"":{}}","assets/images/products/placeholders/door-closers.svg","false","partially-verified","[""doorWidth"",""dimensions"",""netWeight"",""finish"",""holdOpen""]","Imported from the seller's public product list. Only title-level facts are populated. Media status: not-used-legacy-branding-or-baked-copy."
"1601577942758","https://www.alibaba.com/product-detail/Exit-Door-Closer-40-65kg-Door_1601577942758.html","出口闭门器40-65千克闭门器，用于防火门可调闩锁速度紧急使用","hydraulic-door-closer-up-to-65-kg-1601577942758","door-closers","","Door Closers","","{""capacity"":65,""doorWidth"":"""",""dimensions"":"""",""netWeight"":"""",""material"":"""",""finish"":"""",""openingAngle"":"""",""holdOpen"":null,""glassThickness"":"""",""otherVerifiedFields"":{}}","assets/images/products/placeholders/door-closers.svg","false","partially-verified","[""doorWidth"",""dimensions"",""netWeight"",""finish"",""holdOpen""]","Imported from the seller's public product list. Only title-level facts are populated. Media status: not-used-legacy-branding-or-baked-copy."
"1601630092415","https://www.alibaba.com/product-detail/Adjustable-Door-Closer-40-65KG-Fire_1601630092415.html","可调闭门器40-65KG防火门铝门闭门器最大开启角度160 °","hydraulic-door-closer-up-to-65-kg-1601630092415","door-closers","","Door Closers","","{""capacity"":65,""doorWidth"":"""",""dimensions"":"""",""netWeight"":"""",""material"":"""",""finish"":"""",""openingAngle"":""160°"",""holdOpen"":null,""glassThickness"":"""",""otherVerifiedFields"":{}}","assets/images/products/placeholders/door-closers.svg","false","partially-verified","[""doorWidth"",""dimensions"",""netWeight"",""finish"",""holdOpen""]","Imported from the seller's public product list. Only title-level facts are populated. Media status: not-used-legacy-branding-or-baked-copy."
"1601615497777","https://www.alibaba.com/product-detail/Factory-Direct-Sales-Adjustable-Speed-Floor_1601615497777.html","厂家直销可调速地弹簧最大角度125 ° 玻璃门闭门器钢化玻璃门地弹簧铰链","hydraulic-floor-spring-1601615497777","floor-springs","","Floor Springs","","{""capacity"":null,""doorWidth"":"""",""dimensions"":"""",""netWeight"":"""",""material"":"""",""finish"":"""",""openingAngle"":""125°"",""holdOpen"":null,""glassThickness"":"""",""otherVerifiedFields"":{}}","assets/images/products/placeholders/floor-springs.svg","false","partially-verified","[""doorWidth"",""dimensions"",""netWeight"",""finish"",""holdOpen""]","Imported from the seller's public product list. Only title-level facts are populated. Media status: not-used-legacy-branding-or-baked-copy."
"1601445865212","https://www.alibaba.com/product-detail/Saudi-Market-Weatherproof-Floor-Spring-Supplier_1601445865212.html","沙特市场防风雨地弹簧供应商-90千克容量，90 ° 和125 ° 高交通金属玻璃门可调角度","hydraulic-floor-spring-up-to-90-kg-1601445865212","floor-springs","","Floor Springs","","{""capacity"":90,""doorWidth"":"""",""dimensions"":"""",""netWeight"":"""",""material"":"""",""finish"":"""",""openingAngle"":""90°"",""holdOpen"":null,""glassThickness"":"""",""otherVerifiedFields"":{}}","assets/images/products/placeholders/floor-springs.svg","false","partially-verified","[""doorWidth"",""dimensions"",""netWeight"",""finish"",""holdOpen""]","Imported from the seller's public product list. Only title-level facts are populated. Media status: not-used-legacy-branding-or-baked-copy."
"1601483915875","https://www.alibaba.com/product-detail/Adjustable-Speed-Ground-Spring-Glass-Door_1601483915875.html","可调速地面弹簧玻璃门地板弹簧支架原始设备制造商90千克负载商用闭门器系统","hydraulic-floor-spring-up-to-90-kg-1601483915875","floor-springs","","Floor Springs","","{""capacity"":90,""doorWidth"":"""",""dimensions"":"""",""netWeight"":"""",""material"":"""",""finish"":"""",""openingAngle"":"""",""holdOpen"":null,""glassThickness"":"""",""otherVerifiedFields"":{}}","assets/images/products/placeholders/floor-springs.svg","false","partially-verified","[""doorWidth"",""dimensions"",""netWeight"",""finish"",""holdOpen""]","Imported from the seller's public product list. Only title-level facts are populated. Media status: not-used-legacy-branding-or-baked-copy."
"1601458803544","https://www.alibaba.com/product-detail/Indian-Market-Adjustable-Speed-Floor-Spring_1601458803544.html","印度市场可调速地板弹簧玻璃门地面弹簧不锈钢201 90公斤最大学校酒店通道","hydraulic-floor-spring-up-to-90-kg-1601458803544","floor-springs","","Floor Springs","","{""capacity"":90,""doorWidth"":"""",""dimensions"":"""",""netWeight"":"""",""material"":""SS201"",""finish"":"""",""openingAngle"":"""",""holdOpen"":null,""glassThickness"":"""",""otherVerifiedFields"":{}}","assets/images/products/placeholders/floor-springs.svg","false","partially-verified","[""doorWidth"",""dimensions"",""netWeight"",""finish"",""holdOpen""]","Imported from the seller's public product list. Only title-level facts are populated. Media status: not-used-legacy-branding-or-baked-copy."
"1601456179452","https://www.alibaba.com/product-detail/Floor-Spring-90kg-Door-Spring-with_1601456179452.html","住宅商店办公室弹簧闭门器原始设备制造商供应商的90/125角地弹簧90千克门弹簧","hydraulic-floor-spring-up-to-90-kg-1601456179452","floor-springs","","Floor Springs","","{""capacity"":90,""doorWidth"":"""",""dimensions"":"""",""netWeight"":"""",""material"":"""",""finish"":"""",""openingAngle"":"""",""holdOpen"":null,""glassThickness"":"""",""otherVerifiedFields"":{}}","assets/images/products/placeholders/floor-springs.svg","false","partially-verified","[""doorWidth"",""dimensions"",""netWeight"",""finish"",""holdOpen""]","Imported from the seller's public product list. Only title-level facts are populated. Media status: not-used-legacy-branding-or-baked-copy."
"1601445845314","https://www.alibaba.com/product-detail/OEM-Floor-Spring-Supplier-90kg-Door_1601445845314.html","OEM地弹簧供应商-用于住宅/商店门/办公室门的90 °/125 ° 角90千克门弹簧","hydraulic-floor-spring-up-to-90-kg-1601445845314","floor-springs","","Floor Springs","","{""capacity"":90,""doorWidth"":"""",""dimensions"":"""",""netWeight"":"""",""material"":"""",""finish"":"""",""openingAngle"":""90°"",""holdOpen"":null,""glassThickness"":"""",""otherVerifiedFields"":{}}","assets/images/products/placeholders/floor-springs.svg","false","partially-verified","[""doorWidth"",""dimensions"",""netWeight"",""finish"",""holdOpen""]","Imported from the seller's public product list. Only title-level facts are populated. Media status: not-used-legacy-branding-or-baked-copy."
"1601460397171","https://www.alibaba.com/product-detail/Saudi-Market-90KG-Bear-Weight-Glass_1601460397171.html","沙特市场90公斤熊重玻璃门地板弹簧机OEM门控五金配件工作玻璃门闭合器","hydraulic-floor-spring-up-to-90-kg-1601460397171","floor-springs","","Floor Springs","","{""capacity"":90,""doorWidth"":"""",""dimensions"":"""",""netWeight"":"""",""material"":"""",""finish"":"""",""openingAngle"":"""",""holdOpen"":null,""glassThickness"":"""",""otherVerifiedFields"":{}}","assets/images/products/placeholders/floor-springs.svg","false","partially-verified","[""doorWidth"",""dimensions"",""netWeight"",""finish"",""holdOpen""]","Imported from the seller's public product list. Only title-level facts are populated. Media status: not-used-legacy-branding-or-baked-copy."
"1601461949956","https://www.alibaba.com/product-detail/Soft-Close-Door-Hinge-Hot-Sell_1601461949956.html","软关闭门铰链热卖玻璃门地板弹簧","hydraulic-floor-spring-1601461949956","floor-springs","","Floor Springs","","{""capacity"":null,""doorWidth"":"""",""dimensions"":"""",""netWeight"":"""",""material"":"""",""finish"":"""",""openingAngle"":"""",""holdOpen"":null,""glassThickness"":"""",""otherVerifiedFields"":{}}","assets/images/products/placeholders/floor-springs.svg","false","partially-verified","[""doorWidth"",""dimensions"",""netWeight"",""finish"",""holdOpen""]","Imported from the seller's public product list. Only title-level facts are populated. Media status: not-used-legacy-branding-or-baked-copy."
"1601447465342","https://www.alibaba.com/product-detail/Toughened-Glass-Door-Top-Spring-OEM_1601447465342.html","钢化玻璃门顶部弹簧OEM门控制五金配件工作环境支持负40","hydraulic-door-closer-1601447465342","door-closers","","Door Closers","","{""capacity"":null,""doorWidth"":"""",""dimensions"":"""",""netWeight"":"""",""material"":"""",""finish"":"""",""openingAngle"":"""",""holdOpen"":null,""glassThickness"":"""",""otherVerifiedFields"":{}}","assets/images/products/placeholders/door-closers.svg","false","partially-verified","[""doorWidth"",""dimensions"",""netWeight"",""finish"",""holdOpen""]","Imported from the seller's public product list. Only title-level facts are populated. Media status: not-used-legacy-branding-or-baked-copy."
"1601458913318","https://www.alibaba.com/product-detail/Adjustable-Speed-Glass-Door-Top-Spring_1601458913318.html","可调速玻璃门顶弹簧OEM顶弹簧供应商304不锈钢商用闭合器系统","hydraulic-door-closer-1601458913318","door-closers","","Door Closers","","{""capacity"":null,""doorWidth"":"""",""dimensions"":"""",""netWeight"":"""",""material"":""SS304"",""finish"":"""",""openingAngle"":"""",""holdOpen"":null,""glassThickness"":"""",""otherVerifiedFields"":{}}","assets/images/products/placeholders/door-closers.svg","false","partially-verified","[""doorWidth"",""dimensions"",""netWeight"",""finish"",""holdOpen""]","Imported from the seller's public product list. Only title-level facts are populated. Media status: not-used-legacy-branding-or-baked-copy."
"1601484477723","https://www.alibaba.com/product-detail/Heavy-Duty-Ground-Spring-105-Degree_1601484477723.html","重型地面弹簧105度开口玻璃门顶春医院学校酒店购物中心","hydraulic-floor-spring-1601484477723","floor-springs","","Floor Springs","","{""capacity"":null,""doorWidth"":"""",""dimensions"":"""",""netWeight"":"""",""material"":"""",""finish"":"""",""openingAngle"":""105°"",""holdOpen"":null,""glassThickness"":"""",""otherVerifiedFields"":{}}","assets/images/products/placeholders/floor-springs.svg","false","partially-verified","[""doorWidth"",""dimensions"",""netWeight"",""finish"",""holdOpen""]","Imported from the seller's public product list. Only title-level facts are populated. Media status: not-used-legacy-branding-or-baked-copy."
"1601484521586","https://www.alibaba.com/product-detail/Glass-Door-Top-Spring-Adjustable-Speed_1601484521586.html","玻璃门顶部弹簧可调速地面弹簧105度最大开放支持OEM酒店学校购物中心","hydraulic-floor-spring-1601484521586","floor-springs","","Floor Springs","","{""capacity"":null,""doorWidth"":"""",""dimensions"":"""",""netWeight"":"""",""material"":"""",""finish"":"""",""openingAngle"":""105°"",""holdOpen"":null,""glassThickness"":"""",""otherVerifiedFields"":{}}","assets/images/products/placeholders/floor-springs.svg","false","partially-verified","[""doorWidth"",""dimensions"",""netWeight"",""finish"",""holdOpen""]","Imported from the seller's public product list. Only title-level facts are populated. Media status: not-used-legacy-branding-or-baked-copy."
"1601615631209","https://www.alibaba.com/product-detail/Factory-Direct-Sales-Top-Spring-High_1601615631209.html","厂家直销玻璃门用顶部弹簧高强度地板弹簧最大门重150公斤地板弹簧铰链","hydraulic-floor-spring-up-to-150-kg-1601615631209","floor-springs","","Floor Springs","","{""capacity"":150,""doorWidth"":"""",""dimensions"":"""",""netWeight"":"""",""material"":"""",""finish"":"""",""openingAngle"":"""",""holdOpen"":null,""glassThickness"":"""",""otherVerifiedFields"":{}}","assets/images/products/placeholders/floor-springs.svg","false","partially-verified","[""doorWidth"",""dimensions"",""netWeight"",""finish"",""holdOpen""]","Imported from the seller's public product list. Only title-level facts are populated. Media status: not-used-legacy-branding-or-baked-copy."
"1601669265477","https://www.alibaba.com/product-detail/High-end-Overhead-Glass-Door-Top_1601669265477.html","适用于酒店/学校/办公室的高端顶置玻璃门弹簧装置/弹簧门机","architectural-door-accessory-1601669265477","door-accessories","","Door Accessories","","{""capacity"":null,""doorWidth"":"""",""dimensions"":"""",""netWeight"":"""",""material"":"""",""finish"":"""",""openingAngle"":"""",""holdOpen"":null,""glassThickness"":"""",""otherVerifiedFields"":{}}","assets/images/products/placeholders/door-accessories.svg","false","unclear","[""doorWidth"",""dimensions"",""netWeight"",""finish"",""holdOpen""]","Imported from the seller's public product list. Only title-level facts are populated. Media status: not-used-legacy-branding-or-baked-copy."
"1601811976128","https://www.alibaba.com/product-detail/Aluminum-Square-Tube-Fireproof-Sound-Absorbing_1601811976128.html","铝制方管防火吸音，适合酒店、办公室、商场室内使用，天花板采用弧形木纹饰面","acoustic-aluminum-ceiling-1601811976128","aluminum-ceiling-systems","","Aluminum Ceiling Systems","","{""capacity"":null,""doorWidth"":"""",""dimensions"":"""",""netWeight"":"""",""material"":""Aluminum"",""finish"":"""",""openingAngle"":"""",""holdOpen"":null,""glassThickness"":"""",""otherVerifiedFields"":{}}","assets/images/products/placeholders/aluminum-ceiling-systems.svg","false","partially-verified","[""doorWidth"",""dimensions"",""netWeight"",""finish"",""holdOpen""]","Imported from the seller's public product list. Only title-level facts are populated. Media status: not-used-legacy-branding-or-baked-copy."
"1601811962176","https://www.alibaba.com/product-detail/Aluminum-Profile-Square-Tube-Modern-Ceiling_1601811962176.html","铝型材方管现代吊顶悬挂式线性挡板，具有防火防水功能","aluminum-ceiling-system-1601811962176","aluminum-ceiling-systems","","Aluminum Ceiling Systems","","{""capacity"":null,""doorWidth"":"""",""dimensions"":"""",""netWeight"":"""",""material"":"""",""finish"":"""",""openingAngle"":"""",""holdOpen"":null,""glassThickness"":"""",""otherVerifiedFields"":{}}","assets/images/products/placeholders/aluminum-ceiling-systems.svg","false","partially-verified","[""doorWidth"",""dimensions"",""netWeight"",""finish"",""holdOpen""]","Imported from the seller's public product list. Only title-level facts are populated. Media status: not-used-legacy-branding-or-baked-copy."
"1601811928383","https://www.alibaba.com/product-detail/Slatted-Aluminum-Ceiling-Surface-Mounted-Track_1601811928383.html","铝制条形吸音吸音灯带轨道灯条，表面安装，防火，吸音，5年保修，工厂批发，办公室用","acoustic-aluminum-ceiling-1601811928383","aluminum-ceiling-systems","","Aluminum Ceiling Systems","","{""capacity"":null,""doorWidth"":"""",""dimensions"":"""",""netWeight"":"""",""material"":""Aluminum"",""finish"":"""",""openingAngle"":"""",""holdOpen"":null,""glassThickness"":"""",""otherVerifiedFields"":{}}","assets/images/products/placeholders/aluminum-ceiling-systems.svg","false","partially-verified","[""doorWidth"",""dimensions"",""netWeight"",""finish"",""holdOpen""]","Imported from the seller's public product list. Only title-level facts are populated. Media status: not-used-legacy-branding-or-baked-copy."
"1601811914450","https://www.alibaba.com/product-detail/Aluminum-Alloy-Square-Tube-Ceiling-Slats_1601811914450.html","具有防火、隔音、防水功能的铝合金方管吊顶板条","aluminum-ceiling-system-1601811914450","aluminum-ceiling-systems","","Aluminum Ceiling Systems","","{""capacity"":null,""doorWidth"":"""",""dimensions"":"""",""netWeight"":"""",""material"":""Aluminum alloy"",""finish"":"""",""openingAngle"":"""",""holdOpen"":null,""glassThickness"":"""",""otherVerifiedFields"":{}}","assets/images/products/placeholders/aluminum-ceiling-systems.svg","false","partially-verified","[""doorWidth"",""dimensions"",""netWeight"",""finish"",""holdOpen""]","Imported from the seller's public product list. Only title-level facts are populated. Media status: not-used-legacy-branding-or-baked-copy."
"1601811844796","https://www.alibaba.com/product-detail/Aluminum-Alloy-Perforated-Soundproof-Fireproof-Modern_1601811844796.html","酒店用铝合金穿孔隔音防火现代条形吊顶网格隔音板","aluminum-ceiling-system-1601811844796","aluminum-ceiling-systems","","Aluminum Ceiling Systems","","{""capacity"":null,""doorWidth"":"""",""dimensions"":"""",""netWeight"":"""",""material"":""Aluminum alloy"",""finish"":"""",""openingAngle"":"""",""holdOpen"":null,""glassThickness"":"""",""otherVerifiedFields"":{}}","assets/images/products/placeholders/aluminum-ceiling-systems.svg","false","partially-verified","[""doorWidth"",""dimensions"",""netWeight"",""finish"",""holdOpen""]","Imported from the seller's public product list. Only title-level facts are populated. Media status: not-used-legacy-branding-or-baked-copy."
"1601811982061","https://www.alibaba.com/product-detail/Interior-Decor-Aluminum-Alloy-Square-Tube_1601811982061.html","室内装饰铝合金方管100X100隔板吊顶防火吸音防水吊顶板","acoustic-aluminum-ceiling-1601811982061","aluminum-ceiling-systems","","Aluminum Ceiling Systems","","{""capacity"":null,""doorWidth"":"""",""dimensions"":"""",""netWeight"":"""",""material"":""Aluminum alloy"",""finish"":"""",""openingAngle"":"""",""holdOpen"":null,""glassThickness"":"""",""otherVerifiedFields"":{}}","assets/images/products/placeholders/aluminum-ceiling-systems.svg","false","partially-verified","[""doorWidth"",""dimensions"",""netWeight"",""finish"",""holdOpen""]","Imported from the seller's public product list. Only title-level facts are populated. Media status: not-used-legacy-branding-or-baked-copy."
"1601811831874","https://www.alibaba.com/product-detail/Aluminum-Perforated-Ceiling-Tile-40mm-150mm_1601811831874.html","铝制穿孔吊顶砖 40mm*150mm 棕色方盒矩形管条 适合家庭和商场使用","aluminum-ceiling-system-1601811831874","aluminum-ceiling-systems","","Aluminum Ceiling Systems","","{""capacity"":null,""doorWidth"":"""",""dimensions"":"""",""netWeight"":"""",""material"":""Aluminum"",""finish"":"""",""openingAngle"":"""",""holdOpen"":null,""glassThickness"":"""",""otherVerifiedFields"":{}}","assets/images/products/placeholders/aluminum-ceiling-systems.svg","false","partially-verified","[""doorWidth"",""dimensions"",""netWeight"",""finish"",""holdOpen""]","Imported from the seller's public product list. Only title-level facts are populated. Media status: not-used-legacy-branding-or-baked-copy."
"1601811858725","https://www.alibaba.com/product-detail/Metal-Aluminum-Linear-Wood-Baffle-Ceiling_1601811858725.html","金属铝制线性木制挡板天花板网格系统防水室内装饰方管天花板板","aluminum-ceiling-system-1601811858725","aluminum-ceiling-systems","","Aluminum Ceiling Systems","","{""capacity"":null,""doorWidth"":"""",""dimensions"":"""",""netWeight"":"""",""material"":""Aluminum"",""finish"":"""",""openingAngle"":"""",""holdOpen"":null,""glassThickness"":"""",""otherVerifiedFields"":{}}","assets/images/products/placeholders/aluminum-ceiling-systems.svg","false","partially-verified","[""doorWidth"",""dimensions"",""netWeight"",""finish"",""holdOpen""]","Imported from the seller's public product list. Only title-level facts are populated. Media status: not-used-legacy-branding-or-baked-copy."
"1601811954237","https://www.alibaba.com/product-detail/Modern-Aluminum-Alloy-Waterproof-Acoustic-Baffle_1601811954237.html","现代酒店大厅装饰用铝合金防水隔音吸音吊顶网格条","acoustic-aluminum-ceiling-1601811954237","aluminum-ceiling-systems","","Aluminum Ceiling Systems","","{""capacity"":null,""doorWidth"":"""",""dimensions"":"""",""netWeight"":"""",""material"":""Aluminum alloy"",""finish"":"""",""openingAngle"":"""",""holdOpen"":null,""glassThickness"":"""",""otherVerifiedFields"":{}}","assets/images/products/placeholders/aluminum-ceiling-systems.svg","false","partially-verified","[""doorWidth"",""dimensions"",""netWeight"",""finish"",""holdOpen""]","Imported from the seller's public product list. Only title-level facts are populated. Media status: not-used-legacy-branding-or-baked-copy."
"1601811918381","https://www.alibaba.com/product-detail/Wholesale-Modern-Aluminum-Alloy-Decorative-Baffle_1601811918381.html","批发现代铝合金装饰隔板金属天花板防火隔音功能，适用于室内走廊、机场","aluminum-ceiling-system-1601811918381","aluminum-ceiling-systems","","Aluminum Ceiling Systems","","{""capacity"":null,""doorWidth"":"""",""dimensions"":"""",""netWeight"":"""",""material"":""Aluminum alloy"",""finish"":"""",""openingAngle"":"""",""holdOpen"":null,""glassThickness"":"""",""otherVerifiedFields"":{}}","assets/images/products/placeholders/aluminum-ceiling-systems.svg","false","partially-verified","[""doorWidth"",""dimensions"",""netWeight"",""finish"",""holdOpen""]","Imported from the seller's public product list. Only title-level facts are populated. Media status: not-used-legacy-branding-or-baked-copy."
"1601808714963","https://www.alibaba.com/product-detail/Aluminum-Alloy-False-Baffle-Modern-Powder_1601808714963.html","铝合金假隔板现代粉末涂层条形防火隔音定制室内装饰幕墙别墅","aluminum-ceiling-system-1601808714963","aluminum-ceiling-systems","","Aluminum Ceiling Systems","","{""capacity"":null,""doorWidth"":"""",""dimensions"":"""",""netWeight"":"""",""material"":""Aluminum alloy"",""finish"":"""",""openingAngle"":"""",""holdOpen"":null,""glassThickness"":"""",""otherVerifiedFields"":{}}","assets/images/products/placeholders/aluminum-ceiling-systems.svg","false","partially-verified","[""doorWidth"",""dimensions"",""netWeight"",""finish"",""holdOpen""]","Imported from the seller's public product list. Only title-level facts are populated. Media status: not-used-legacy-branding-or-baked-copy."
"1601808721928","https://www.alibaba.com/product-detail/Customized-Modern-Aluminum-Interior-Exterior-Decorative_1601808721928.html","定制现代铝制室内/室外装饰隔板U型管，适用于商场和酒店天花板","aluminum-ceiling-system-1601808721928","aluminum-ceiling-systems","","Aluminum Ceiling Systems","","{""capacity"":null,""doorWidth"":"""",""dimensions"":"""",""netWeight"":"""",""material"":""Aluminum"",""finish"":"""",""openingAngle"":"""",""holdOpen"":null,""glassThickness"":"""",""otherVerifiedFields"":{}}","assets/images/products/placeholders/aluminum-ceiling-systems.svg","false","partially-verified","[""doorWidth"",""dimensions"",""netWeight"",""finish"",""holdOpen""]","Imported from the seller's public product list. Only title-level facts are populated. Media status: not-used-legacy-branding-or-baked-copy."
"1601808735827","https://www.alibaba.com/product-detail/Find-Similar-Icon-Modern-Design-Factory_1601808735827.html","寻找类似图标设计的现代风格产品，工厂价，铝制屏风，木纹效果，天花板、墙壁、外部应用，别墅、酒店、商场","aluminum-ceiling-system-1601808735827","aluminum-ceiling-systems","","Aluminum Ceiling Systems","","{""capacity"":null,""doorWidth"":"""",""dimensions"":"""",""netWeight"":"""",""material"":""Aluminum"",""finish"":"""",""openingAngle"":"""",""holdOpen"":null,""glassThickness"":"""",""otherVerifiedFields"":{}}","assets/images/products/placeholders/aluminum-ceiling-systems.svg","false","partially-verified","[""doorWidth"",""dimensions"",""netWeight"",""finish"",""holdOpen""]","Imported from the seller's public product list. Only title-level facts are populated. Media status: not-used-legacy-branding-or-baked-copy."
"1601808865086","https://www.alibaba.com/product-detail/Modern-Outdoor-Decorative-Suspended-Curve-Aluminium_1601808865086.html","现代户外装饰性弧形铝制幕墙隔板商业用途酒店外部隔音防火","aluminum-architectural-panel-1601808865086","aluminum-panels","","Aluminum Architectural Panels","","{""capacity"":null,""doorWidth"":"""",""dimensions"":"""",""netWeight"":"""",""material"":""Aluminum"",""finish"":"""",""openingAngle"":"""",""holdOpen"":null,""glassThickness"":"""",""otherVerifiedFields"":{}}","assets/images/products/placeholders/aluminum-panels.svg","false","partially-verified","[""doorWidth"",""dimensions"",""netWeight"",""finish"",""holdOpen""]","Imported from the seller's public product list. Only title-level facts are populated. Media status: not-used-legacy-branding-or-baked-copy."
"1601808840232","https://www.alibaba.com/product-detail/Custom-Shape-Aluminum-Alloy-Baffle-Wall_1601808840232.html","定制形状铝合金挡板墙板现代弧形方管用于酒店大堂办公室外幕墙装饰","aluminum-ceiling-system-1601808840232","aluminum-ceiling-systems","","Aluminum Ceiling Systems","","{""capacity"":null,""doorWidth"":"""",""dimensions"":"""",""netWeight"":"""",""material"":""Aluminum alloy"",""finish"":"""",""openingAngle"":"""",""holdOpen"":null,""glassThickness"":"""",""otherVerifiedFields"":{}}","assets/images/products/placeholders/aluminum-ceiling-systems.svg","false","partially-verified","[""doorWidth"",""dimensions"",""netWeight"",""finish"",""holdOpen""]","Imported from the seller's public product list. Only title-level facts are populated. Media status: not-used-legacy-branding-or-baked-copy."
"1601808754628","https://www.alibaba.com/product-detail/Aluminum-Linear-Ceiling-Slat-Tube-Baffle_1601808754628.html","铝制线性吊顶条形管式波浪幕墙-现代设计，适用于商场和别墅，防火防水","aluminum-ceiling-system-1601808754628","aluminum-ceiling-systems","","Aluminum Ceiling Systems","","{""capacity"":null,""doorWidth"":"""",""dimensions"":"""",""netWeight"":"""",""material"":""Aluminum"",""finish"":"""",""openingAngle"":"""",""holdOpen"":null,""glassThickness"":"""",""otherVerifiedFields"":{}}","assets/images/products/placeholders/aluminum-ceiling-systems.svg","false","partially-verified","[""doorWidth"",""dimensions"",""netWeight"",""finish"",""holdOpen""]","Imported from the seller's public product list. Only title-level facts are populated. Media status: not-used-legacy-branding-or-baked-copy."
"1601808736734","https://www.alibaba.com/product-detail/Customized-Modern-U-Shaped-Aluminium-Baffle_1601808736734.html","定制现代U型铝制挡板装饰设计悬挂金属条拉伸天花板，适用于酒店商场防火","aluminum-ceiling-system-1601808736734","aluminum-ceiling-systems","","Aluminum Ceiling Systems","","{""capacity"":null,""doorWidth"":"""",""dimensions"":"""",""netWeight"":"""",""material"":""Aluminum"",""finish"":"""",""openingAngle"":"""",""holdOpen"":null,""glassThickness"":"""",""otherVerifiedFields"":{}}","assets/images/products/placeholders/aluminum-ceiling-systems.svg","false","partially-verified","[""doorWidth"",""dimensions"",""netWeight"",""finish"",""holdOpen""]","Imported from the seller's public product list. Only title-level facts are populated. Media status: not-used-legacy-branding-or-baked-copy."
"1601808866046","https://www.alibaba.com/product-detail/Modern-Aluminum-Wood-Grain-Baffle-Curtain_1601808866046.html","现代铝制木纹百叶幕墙，具有防刮、防水功能，适用于户外建筑外饰。","aluminum-ceiling-system-1601808866046","aluminum-ceiling-systems","","Aluminum Ceiling Systems","","{""capacity"":null,""doorWidth"":"""",""dimensions"":"""",""netWeight"":"""",""material"":""Aluminum"",""finish"":"""",""openingAngle"":"""",""holdOpen"":null,""glassThickness"":"""",""otherVerifiedFields"":{}}","assets/images/products/placeholders/aluminum-ceiling-systems.svg","false","partially-verified","[""doorWidth"",""dimensions"",""netWeight"",""finish"",""holdOpen""]","Imported from the seller's public product list. Only title-level facts are populated. Media status: not-used-legacy-branding-or-baked-copy."
"1601808742728","https://www.alibaba.com/product-detail/Modern-Aluminum-Curved-Baffle-Ceiling-Facade_1601808742728.html","现代铝制弧形挡板天花板外饰板，带木纹饰面，适用于商场和酒店，防水","aluminum-ceiling-system-1601808742728","aluminum-ceiling-systems","","Aluminum Ceiling Systems","","{""capacity"":null,""doorWidth"":"""",""dimensions"":"""",""netWeight"":"""",""material"":""Aluminum"",""finish"":"""",""openingAngle"":"""",""holdOpen"":null,""glassThickness"":"""",""otherVerifiedFields"":{}}","assets/images/products/placeholders/aluminum-ceiling-systems.svg","false","partially-verified","[""doorWidth"",""dimensions"",""netWeight"",""finish"",""holdOpen""]","Imported from the seller's public product list. Only title-level facts are populated. Media status: not-used-legacy-branding-or-baked-copy."
"1601808744564","https://www.alibaba.com/product-detail/Aluminum-Alloy-Linear-Wood-grain-Grille_1601808744564.html","铝合金线性木纹格栅幕墙系统，用于建筑外饰现代设计商场防火防水","aluminum-architectural-panel-1601808744564","aluminum-panels","","Aluminum Architectural Panels","","{""capacity"":null,""doorWidth"":"""",""dimensions"":"""",""netWeight"":"""",""material"":""Aluminum alloy"",""finish"":"""",""openingAngle"":"""",""holdOpen"":null,""glassThickness"":"""",""otherVerifiedFields"":{}}","assets/images/products/placeholders/aluminum-panels.svg","false","partially-verified","[""doorWidth"",""dimensions"",""netWeight"",""finish"",""holdOpen""]","Imported from the seller's public product list. Only title-level facts are populated. Media status: not-used-legacy-branding-or-baked-copy."
"1601445869647","https://www.alibaba.com/product-detail/Glass-Door-Ground-Spring-OEM-Gating_1601445869647.html","玻璃门地面弹簧OEM门控五金配件供应商酒店入口地板弹簧","hydraulic-floor-spring-1601445869647","floor-springs","","Floor Springs","","{""capacity"":null,""doorWidth"":"""",""dimensions"":"""",""netWeight"":"""",""material"":"""",""finish"":"""",""openingAngle"":"""",""holdOpen"":null,""glassThickness"":"""",""otherVerifiedFields"":{}}","assets/images/products/placeholders/floor-springs.svg","false","partially-verified","[""doorWidth"",""dimensions"",""netWeight"",""finish"",""holdOpen""]","Imported from the seller's public product list. Only title-level facts are populated. Media status: not-used-legacy-branding-or-baked-copy."
"1601458897772","https://www.alibaba.com/product-detail/Floor-Spring-Stainless-Steel-Adjustable-Speed_1601458897772.html","地板弹簧不锈钢可调速支架OEM医院学校酒店玻璃门地面弹簧","hydraulic-floor-spring-1601458897772","floor-springs","","Floor Springs","","{""capacity"":null,""doorWidth"":"""",""dimensions"":"""",""netWeight"":"""",""material"":""Stainless steel"",""finish"":"""",""openingAngle"":"""",""holdOpen"":null,""glassThickness"":"""",""otherVerifiedFields"":{}}","assets/images/products/placeholders/floor-springs.svg","false","partially-verified","[""doorWidth"",""dimensions"",""netWeight"",""finish"",""holdOpen""]","Imported from the seller's public product list. Only title-level facts are populated. Media status: not-used-legacy-branding-or-baked-copy."
"1601458931580","https://www.alibaba.com/product-detail/Glass-Door-Floor-Spring-Hotel-School_1601458931580.html","玻璃门落地弹簧酒店/学校地面弹簧商用闭门器系统304不锈钢支架OEM","hydraulic-floor-spring-1601458931580","floor-springs","","Floor Springs","","{""capacity"":null,""doorWidth"":"""",""dimensions"":"""",""netWeight"":"""",""material"":""SS304"",""finish"":"""",""openingAngle"":"""",""holdOpen"":null,""glassThickness"":"""",""otherVerifiedFields"":{}}","assets/images/products/placeholders/floor-springs.svg","false","partially-verified","[""doorWidth"",""dimensions"",""netWeight"",""finish"",""holdOpen""]","Imported from the seller's public product list. Only title-level facts are populated. Media status: not-used-legacy-branding-or-baked-copy."
"1601483926882","https://www.alibaba.com/product-detail/Springs-for-Floor-Glass-Door-Hydraulic_1601483926882.html","地板玻璃门弹簧液压地板弹簧95千克容量OEM供应商可调速酒店商场入口","hydraulic-floor-spring-up-to-95-kg-1601483926882","floor-springs","","Floor Springs","","{""capacity"":95,""doorWidth"":"""",""dimensions"":"""",""netWeight"":"""",""material"":"""",""finish"":"""",""openingAngle"":"""",""holdOpen"":null,""glassThickness"":"""",""otherVerifiedFields"":{}}","assets/images/products/placeholders/floor-springs.svg","false","partially-verified","[""doorWidth"",""dimensions"",""netWeight"",""finish"",""holdOpen""]","Imported from the seller's public product list. Only title-level facts are populated. Media status: not-used-legacy-branding-or-baked-copy."
"62105283156","https://www.alibaba.com/product-detail/Hot-Sale-Square-Tube-H-Shape_62105283156.html","热卖方管h形门把手","pull-handle-62105283156","pull-handles","","Pull Handles","","{""capacity"":null,""doorWidth"":"""",""dimensions"":"""",""netWeight"":"""",""material"":"""",""finish"":"""",""openingAngle"":"""",""holdOpen"":null,""glassThickness"":"""",""otherVerifiedFields"":{}}","assets/images/products/placeholders/pull-handles.svg","false","partially-verified","[""doorWidth"",""dimensions"",""netWeight"",""finish"",""holdOpen""]","Imported from the seller's public product list. Only title-level facts are populated. Media status: not-used-legacy-branding-or-baked-copy."
"1601484089012","https://www.alibaba.com/product-detail/Adjustable-Speed-Ground-Spring-Floor-Spring_1601484089012.html","可调速地面弹簧地板弹簧95千克最大门重量商用闭门器系统支持原始设备制造商","hydraulic-floor-spring-up-to-95-kg-1601484089012","floor-springs","","Floor Springs","","{""capacity"":95,""doorWidth"":"""",""dimensions"":"""",""netWeight"":"""",""material"":"""",""finish"":"""",""openingAngle"":"""",""holdOpen"":null,""glassThickness"":"""",""otherVerifiedFields"":{}}","assets/images/products/placeholders/floor-springs.svg","false","partially-verified","[""doorWidth"",""dimensions"",""netWeight"",""finish"",""holdOpen""]","Imported from the seller's public product list. Only title-level facts are populated. Media status: not-used-legacy-branding-or-baked-copy."
"11000024661369","https://www.alibaba.com/product-detail/Sus-304-Stainless-Steel-Powder-Coating_11000024661369.html","Sus 304不锈钢粉末涂层哑光黑色前门长手柄偏置脚手柄主入口门拉手","ss304-pull-handle-11000024661369","pull-handles","","Pull Handles","","{""capacity"":null,""doorWidth"":"""",""dimensions"":"""",""netWeight"":"""",""material"":""SS304"",""finish"":"""",""openingAngle"":"""",""holdOpen"":null,""glassThickness"":"""",""otherVerifiedFields"":{}}","assets/images/products/placeholders/pull-handles.svg","false","partially-verified","[""doorWidth"",""dimensions"",""netWeight"",""finish"",""holdOpen""]","Imported from the seller's public product list. Only title-level facts are populated. Media status: not-used-legacy-branding-or-baked-copy."
"1601481896176","https://www.alibaba.com/product-detail/Heavy-Duty-Stainless-Steel-Polished-Double_1601481896176.html","重型不锈钢抛光双面H形摆动推拉Sus玻璃门拉手","stainless-steel-pull-handle-1601481896176","pull-handles","","Pull Handles","","{""capacity"":null,""doorWidth"":"""",""dimensions"":"""",""netWeight"":"""",""material"":""Stainless steel"",""finish"":"""",""openingAngle"":"""",""holdOpen"":null,""glassThickness"":"""",""otherVerifiedFields"":{}}","assets/images/products/placeholders/pull-handles.svg","false","partially-verified","[""doorWidth"",""dimensions"",""netWeight"",""finish"",""holdOpen""]","Imported from the seller's public product list. Only title-level facts are populated. Media status: not-used-legacy-branding-or-baked-copy."
"1601481830742","https://www.alibaba.com/product-detail/Popular-H-Shape-Stainless-Steel-Door_1601481830742.html","流行H形不锈钢门拉手方管缎面浴室淋浴办公室玻璃门把手","stainless-steel-shower-door-fitting-1601481830742","shower-hardware","","Shower Hardware","","{""capacity"":null,""doorWidth"":"""",""dimensions"":"""",""netWeight"":"""",""material"":""Stainless steel"",""finish"":"""",""openingAngle"":"""",""holdOpen"":null,""glassThickness"":"""",""otherVerifiedFields"":{}}","assets/images/products/placeholders/shower-hardware.svg","false","partially-verified","[""doorWidth"",""dimensions"",""netWeight"",""finish"",""holdOpen""]","Imported from the seller's public product list. Only title-level facts are populated. Media status: not-used-legacy-branding-or-baked-copy."
"1601577224487","https://www.alibaba.com/product-detail/Hot-selling-Heavy-Duty-Floor-Spring_1601577224487.html","商场热销重型地板弹簧玻璃门闭门器","hydraulic-floor-spring-1601577224487","floor-springs","","Floor Springs","","{""capacity"":null,""doorWidth"":"""",""dimensions"":"""",""netWeight"":"""",""material"":"""",""finish"":"""",""openingAngle"":"""",""holdOpen"":null,""glassThickness"":"""",""otherVerifiedFields"":{}}","assets/images/products/placeholders/floor-springs.svg","false","partially-verified","[""doorWidth"",""dimensions"",""netWeight"",""finish"",""holdOpen""]","Imported from the seller's public product list. Only title-level facts are populated. Media status: not-used-legacy-branding-or-baked-copy."
"1601680618074","https://www.alibaba.com/product-detail/Factory-Direct-Sale-No-Digging-Floor_1601680618074.html","厂家直销免挖地弹簧铰链 高品质木门隐藏式铰链 地弹簧","hydraulic-floor-spring-1601680618074","floor-springs","","Floor Springs","","{""capacity"":null,""doorWidth"":"""",""dimensions"":"""",""netWeight"":"""",""material"":"""",""finish"":"""",""openingAngle"":"""",""holdOpen"":null,""glassThickness"":"""",""otherVerifiedFields"":{}}","assets/images/products/placeholders/floor-springs.svg","false","partially-verified","[""doorWidth"",""dimensions"",""netWeight"",""finish"",""holdOpen""]","Imported from the seller's public product list. Only title-level facts are populated. Media status: not-used-legacy-branding-or-baked-copy."
"1601615542651","https://www.alibaba.com/product-detail/Factory-Direct-Sales-Glass-Door-Floor_1601615542651.html","厂家直销玻璃门地板铰链最大门重量95千克玻璃门重型地弹簧","hydraulic-floor-spring-up-to-95-kg-1601615542651","floor-springs","","Floor Springs","","{""capacity"":95,""doorWidth"":"""",""dimensions"":"""",""netWeight"":"""",""material"":"""",""finish"":"""",""openingAngle"":"""",""holdOpen"":null,""glassThickness"":"""",""otherVerifiedFields"":{}}","assets/images/products/placeholders/floor-springs.svg","false","partially-verified","[""doorWidth"",""dimensions"",""netWeight"",""finish"",""holdOpen""]","Imported from the seller's public product list. Only title-level facts are populated. Media status: not-used-legacy-branding-or-baked-copy."
"1601445975995","https://www.alibaba.com/product-detail/OEM-Floor-Spring-Machine-Supplier-Gating_1601445975995.html","OEM地板弹簧机供应商门控五金配件120公斤重型玻璃门地面弹簧","hydraulic-floor-spring-up-to-120-kg-1601445975995","floor-springs","","Floor Springs","","{""capacity"":120,""doorWidth"":"""",""dimensions"":"""",""netWeight"":"""",""material"":"""",""finish"":"""",""openingAngle"":"""",""holdOpen"":null,""glassThickness"":"""",""otherVerifiedFields"":{}}","assets/images/products/placeholders/floor-springs.svg","false","partially-verified","[""doorWidth"",""dimensions"",""netWeight"",""finish"",""holdOpen""]","Imported from the seller's public product list. Only title-level facts are populated. Media status: not-used-legacy-branding-or-baked-copy."
"1601458973896","https://www.alibaba.com/product-detail/Floor-Spring-Hinges-120KG-Max-Weight_1601458973896.html","地板弹簧铰链120公斤最大重量可调速地面弹簧原始设备制造商供应商，用于医院玻璃门","hydraulic-floor-spring-up-to-120-kg-1601458973896","floor-springs","","Floor Springs","","{""capacity"":120,""doorWidth"":"""",""dimensions"":"""",""netWeight"":"""",""material"":"""",""finish"":"""",""openingAngle"":"""",""holdOpen"":null,""glassThickness"":"""",""otherVerifiedFields"":{}}","assets/images/products/placeholders/floor-springs.svg","false","partially-verified","[""doorWidth"",""dimensions"",""netWeight"",""finish"",""holdOpen""]","Imported from the seller's public product list. Only title-level facts are populated. Media status: not-used-legacy-branding-or-baked-copy."
"1601458974846","https://www.alibaba.com/product-detail/Ground-Spring-120KG-Max-Door-Weight_1601458974846.html","地面弹簧120公斤最大门重量医院学校酒店玻璃门地板弹簧商用门闭合器系统","hydraulic-floor-spring-up-to-120-kg-1601458974846","floor-springs","","Floor Springs","","{""capacity"":120,""doorWidth"":"""",""dimensions"":"""",""netWeight"":"""",""material"":"""",""finish"":"""",""openingAngle"":"""",""holdOpen"":null,""glassThickness"":"""",""otherVerifiedFields"":{}}","assets/images/products/placeholders/floor-springs.svg","false","partially-verified","[""doorWidth"",""dimensions"",""netWeight"",""finish"",""holdOpen""]","Imported from the seller's public product list. Only title-level facts are populated. Media status: not-used-legacy-branding-or-baked-copy."
"1601484284399","https://www.alibaba.com/product-detail/Glass-Door-Floor-Spring-Heavy-Duty_1601484284399.html","玻璃门地板弹簧重型地面弹簧120千克酒店商场商业系统地板弹簧","hydraulic-floor-spring-up-to-120-kg-1601484284399","floor-springs","","Floor Springs","","{""capacity"":120,""doorWidth"":"""",""dimensions"":"""",""netWeight"":"""",""material"":"""",""finish"":"""",""openingAngle"":"""",""holdOpen"":null,""glassThickness"":"""",""otherVerifiedFields"":{}}","assets/images/products/placeholders/floor-springs.svg","false","partially-verified","[""doorWidth"",""dimensions"",""netWeight"",""finish"",""holdOpen""]","Imported from the seller's public product list. Only title-level facts are populated. Media status: not-used-legacy-branding-or-baked-copy."
"1601577231536","https://www.alibaba.com/product-detail/Adjustable-Glass-Door-Floor-Spring-Ground_1601577231536.html","可调玻璃门地板弹簧地面弹簧枢轴学校医院现代玻璃门关闭系统","hydraulic-floor-spring-1601577231536","floor-springs","","Floor Springs","","{""capacity"":null,""doorWidth"":"""",""dimensions"":"""",""netWeight"":"""",""material"":"""",""finish"":"""",""openingAngle"":"""",""holdOpen"":null,""glassThickness"":"""",""otherVerifiedFields"":{}}","assets/images/products/placeholders/floor-springs.svg","false","partially-verified","[""doorWidth"",""dimensions"",""netWeight"",""finish"",""holdOpen""]","Imported from the seller's public product list. Only title-level facts are populated. Media status: not-used-legacy-branding-or-baked-copy."
"1601432405981","https://www.alibaba.com/product-detail/Premium-Stainless-Steel-Door-Floor-Spring_1601432405981.html","优质不锈钢门底弹簧铰链 耐用的入口门底弹簧 玻璃门底弹簧","hydraulic-floor-spring-1601432405981","floor-springs","","Floor Springs","","{""capacity"":null,""doorWidth"":"""",""dimensions"":"""",""netWeight"":"""",""material"":""Stainless steel"",""finish"":"""",""openingAngle"":"""",""holdOpen"":null,""glassThickness"":"""",""otherVerifiedFields"":{}}","assets/images/products/placeholders/floor-springs.svg","false","partially-verified","[""doorWidth"",""dimensions"",""netWeight"",""finish"",""holdOpen""]","Imported from the seller's public product list. Only title-level facts are populated. Media status: not-used-legacy-branding-or-baked-copy."
"1601484287650","https://www.alibaba.com/product-detail/Adjustable-Speed-Ground-Spring-Glass-Door_1601484287650.html","可调速地面弹簧玻璃门地板弹簧150千克最大门重量支持原始设备制造商商业系统","hydraulic-floor-spring-up-to-150-kg-1601484287650","floor-springs","","Floor Springs","","{""capacity"":150,""doorWidth"":"""",""dimensions"":"""",""netWeight"":"""",""material"":"""",""finish"":"""",""openingAngle"":"""",""holdOpen"":null,""glassThickness"":"""",""otherVerifiedFields"":{}}","assets/images/products/placeholders/floor-springs.svg","false","partially-verified","[""doorWidth"",""dimensions"",""netWeight"",""finish"",""holdOpen""]","Imported from the seller's public product list. Only title-level facts are populated. Media status: not-used-legacy-branding-or-baked-copy."
"1601577237658","https://www.alibaba.com/product-detail/Heavy-Duty-Floor-Spring-Machine-Glass_1601577237658.html","医院用重型地板弹簧机玻璃门重型地板弹簧","hydraulic-floor-spring-1601577237658","floor-springs","","Floor Springs","","{""capacity"":null,""doorWidth"":"""",""dimensions"":"""",""netWeight"":"""",""material"":"""",""finish"":"""",""openingAngle"":"""",""holdOpen"":null,""glassThickness"":"""",""otherVerifiedFields"":{}}","assets/images/products/placeholders/floor-springs.svg","false","partially-verified","[""doorWidth"",""dimensions"",""netWeight"",""finish"",""holdOpen""]","Imported from the seller's public product list. Only title-level facts are populated. Media status: not-used-legacy-branding-or-baked-copy."
"1601616439025","https://www.alibaba.com/product-detail/Factory-Direct-Sales-Glass-Door-Floor_1601616439025.html","厂家直销玻璃门地弹簧150KG办公室/学校/酒店重型地弹簧闭门器液压闭门器","hydraulic-floor-spring-up-to-150-kg-1601616439025","floor-springs","","Floor Springs","","{""capacity"":150,""doorWidth"":"""",""dimensions"":"""",""netWeight"":"""",""material"":"""",""finish"":"""",""openingAngle"":"""",""holdOpen"":null,""glassThickness"":"""",""otherVerifiedFields"":{}}","assets/images/products/placeholders/floor-springs.svg","false","partially-verified","[""doorWidth"",""dimensions"",""netWeight"",""finish"",""holdOpen""]","Imported from the seller's public product list. Only title-level facts are populated. Media status: not-used-legacy-branding-or-baked-copy."
"1601432618074","https://www.alibaba.com/product-detail/Adjustable-Floor-Spring-Heavy-Duty-Ground_1601432618074.html","商业建筑用可调地弹簧重型地弹簧","hydraulic-floor-spring-1601432618074","floor-springs","","Floor Springs","","{""capacity"":null,""doorWidth"":"""",""dimensions"":"""",""netWeight"":"""",""material"":"""",""finish"":"""",""openingAngle"":"""",""holdOpen"":null,""glassThickness"":"""",""otherVerifiedFields"":{}}","assets/images/products/placeholders/floor-springs.svg","false","partially-verified","[""doorWidth"",""dimensions"",""netWeight"",""finish"",""holdOpen""]","Imported from the seller's public product list. Only title-level facts are populated. Media status: not-used-legacy-branding-or-baked-copy."
"1601454404254","https://www.alibaba.com/product-detail/Heavy-Duty-Ground-Spring-Adjustable-Speed_1601454404254.html","重型地面弹簧可调速地板弹簧支架原始设备制造商商业建筑门300千克最大门重量","hydraulic-floor-spring-up-to-300-kg-1601454404254","floor-springs","","Floor Springs","","{""capacity"":300,""doorWidth"":"""",""dimensions"":"""",""netWeight"":"""",""material"":"""",""finish"":"""",""openingAngle"":"""",""holdOpen"":null,""glassThickness"":"""",""otherVerifiedFields"":{}}","assets/images/products/placeholders/floor-springs.svg","false","partially-verified","[""doorWidth"",""dimensions"",""netWeight"",""finish"",""holdOpen""]","Imported from the seller's public product list. Only title-level facts are populated. Media status: not-used-legacy-branding-or-baked-copy."
"1601459535920","https://www.alibaba.com/product-detail/Glass-Door-Floor-Spring-Adjustable-Speed_1601459535920.html","商业建筑用建筑等级地弹簧重型地弹簧","hydraulic-floor-spring-1601459535920","floor-springs","","Floor Springs","","{""capacity"":null,""doorWidth"":"""",""dimensions"":"""",""netWeight"":"""",""material"":"""",""finish"":"""",""openingAngle"":"""",""holdOpen"":null,""glassThickness"":"""",""otherVerifiedFields"":{}}","assets/images/products/placeholders/floor-springs.svg","false","partially-verified","[""doorWidth"",""dimensions"",""netWeight"",""finish"",""holdOpen""]","Imported from the seller's public product list. Only title-level facts are populated. Media status: not-used-legacy-branding-or-baked-copy."
"1601802526096","https://www.alibaba.com/product-detail/False-Ceiling-Design-Wavy-Arc-Aluminum_1601802526096.html","吊顶设计波浪弧形铝制吊顶板防火吸音不规则条形隔板酒店大厅商场商店家居","acoustic-aluminum-ceiling-1601802526096","aluminum-ceiling-systems","","Aluminum Ceiling Systems","","{""capacity"":null,""doorWidth"":"""",""dimensions"":"""",""netWeight"":"""",""material"":""Aluminum"",""finish"":"""",""openingAngle"":"""",""holdOpen"":null,""glassThickness"":"""",""otherVerifiedFields"":{}}","assets/images/products/placeholders/aluminum-ceiling-systems.svg","false","partially-verified","[""doorWidth"",""dimensions"",""netWeight"",""finish"",""holdOpen""]","Imported from the seller's public product list. Only title-level facts are populated. Media status: not-used-legacy-branding-or-baked-copy."
"1601802508178","https://www.alibaba.com/product-detail/Modern-Aluminum-Alloy-Ceiling-Tiles-with_1601802508178.html","现代铝合金吊顶砖，采用防火吸音网格设计，适合家庭厨房使用","acoustic-aluminum-ceiling-1601802508178","aluminum-ceiling-systems","","Aluminum Ceiling Systems","","{""capacity"":null,""doorWidth"":"""",""dimensions"":"""",""netWeight"":"""",""material"":""Aluminum alloy"",""finish"":"""",""openingAngle"":"""",""holdOpen"":null,""glassThickness"":"""",""otherVerifiedFields"":{}}","assets/images/products/placeholders/aluminum-ceiling-systems.svg","false","partially-verified","[""doorWidth"",""dimensions"",""netWeight"",""finish"",""holdOpen""]","Imported from the seller's public product list. Only title-level facts are populated. Media status: not-used-legacy-branding-or-baked-copy."
"1601802361970","https://www.alibaba.com/product-detail/Aluminum-Alloy-Fireproof-Soundproof-Metal-Ceiling_1601802361970.html","波浪形方管设计的铝合金防火隔音金属吊顶网格","aluminum-ceiling-system-1601802361970","aluminum-ceiling-systems","","Aluminum Ceiling Systems","","{""capacity"":null,""doorWidth"":"""",""dimensions"":"""",""netWeight"":"""",""material"":""Aluminum alloy"",""finish"":"""",""openingAngle"":"""",""holdOpen"":null,""glassThickness"":"""",""otherVerifiedFields"":{}}","assets/images/products/placeholders/aluminum-ceiling-systems.svg","false","partially-verified","[""doorWidth"",""dimensions"",""netWeight"",""finish"",""holdOpen""]","Imported from the seller's public product list. Only title-level facts are populated. Media status: not-used-legacy-branding-or-baked-copy."
"1601802530035","https://www.alibaba.com/product-detail/Newest-Waterproof-Soundproof-Metal-Aluminum-Ceiling_1601802530035.html","最新防水隔音金属铝制天花板网格瓷砖波浪形隔音板，适用于室内建筑装饰","aluminum-ceiling-system-1601802530035","aluminum-ceiling-systems","","Aluminum Ceiling Systems","","{""capacity"":null,""doorWidth"":"""",""dimensions"":"""",""netWeight"":"""",""material"":""Aluminum"",""finish"":"""",""openingAngle"":"""",""holdOpen"":null,""glassThickness"":"""",""otherVerifiedFields"":{}}","assets/images/products/placeholders/aluminum-ceiling-systems.svg","false","partially-verified","[""doorWidth"",""dimensions"",""netWeight"",""finish"",""holdOpen""]","Imported from the seller's public product list. Only title-level facts are populated. Media status: not-used-legacy-branding-or-baked-copy."
"1601802400769","https://www.alibaba.com/product-detail/Aluminum-Art-Wave-Square-Fireproof-Ceiling_1601802400769.html","铝制艺术波浪方形防火吸音吊顶砖，适用于医院使用","acoustic-aluminum-ceiling-1601802400769","aluminum-ceiling-systems","","Aluminum Ceiling Systems","","{""capacity"":null,""doorWidth"":"""",""dimensions"":"""",""netWeight"":"""",""material"":""Aluminum"",""finish"":"""",""openingAngle"":"""",""holdOpen"":null,""glassThickness"":"""",""otherVerifiedFields"":{}}","assets/images/products/placeholders/aluminum-ceiling-systems.svg","false","partially-verified","[""doorWidth"",""dimensions"",""netWeight"",""finish"",""holdOpen""]","Imported from the seller's public product list. Only title-level facts are populated. Media status: not-used-legacy-branding-or-baked-copy."
"1601802437512","https://www.alibaba.com/product-detail/Aluminum-Wood-Grain-Color-Fireproof-Sound_1601802437512.html","铝木纹色防火吸音A级外墙装饰板3D曲面波浪挡板天花板","acoustic-aluminum-ceiling-1601802437512","aluminum-ceiling-systems","","Aluminum Ceiling Systems","","{""capacity"":null,""doorWidth"":"""",""dimensions"":"""",""netWeight"":"""",""material"":"""",""finish"":"""",""openingAngle"":"""",""holdOpen"":null,""glassThickness"":"""",""otherVerifiedFields"":{}}","assets/images/products/placeholders/aluminum-ceiling-systems.svg","false","partially-verified","[""doorWidth"",""dimensions"",""netWeight"",""finish"",""holdOpen""]","Imported from the seller's public product list. Only title-level facts are populated. Media status: not-used-legacy-branding-or-baked-copy."
"1601802413683","https://www.alibaba.com/product-detail/Factory-Supply-Customized-Art-Wave-Decorative_1601802413683.html","工厂供应酒店用定制艺术波浪装饰线性吸音板铝金属防火吸音天花板板","acoustic-aluminum-ceiling-1601802413683","aluminum-ceiling-systems","","Aluminum Ceiling Systems","","{""capacity"":null,""doorWidth"":"""",""dimensions"":"""",""netWeight"":"""",""material"":"""",""finish"":"""",""openingAngle"":"""",""holdOpen"":null,""glassThickness"":"""",""otherVerifiedFields"":{}}","assets/images/products/placeholders/aluminum-ceiling-systems.svg","false","partially-verified","[""doorWidth"",""dimensions"",""netWeight"",""finish"",""holdOpen""]","Imported from the seller's public product list. Only title-level facts are populated. Media status: not-used-legacy-branding-or-baked-copy."
"1601802446426","https://www.alibaba.com/product-detail/Customized-Modern-Design-Shopping-Mall-Waterproof_1601802446426.html","定制现代设计商场防水隔音防火方管木纹铝波浪波板吊顶","aluminum-ceiling-system-1601802446426","aluminum-ceiling-systems","","Aluminum Ceiling Systems","","{""capacity"":null,""doorWidth"":"""",""dimensions"":"""",""netWeight"":"""",""material"":"""",""finish"":"""",""openingAngle"":"""",""holdOpen"":null,""glassThickness"":"""",""otherVerifiedFields"":{}}","assets/images/products/placeholders/aluminum-ceiling-systems.svg","false","partially-verified","[""doorWidth"",""dimensions"",""netWeight"",""finish"",""holdOpen""]","Imported from the seller's public product list. Only title-level facts are populated. Media status: not-used-legacy-branding-or-baked-copy."
"1601802524068","https://www.alibaba.com/product-detail/Aluminum-Wave-Baffle-Metal-Ceilings-System_1601802524068.html","铝制波浪形挡板金属天花板系统，采用方管型材，现代设计，具有防火和吸音功能","acoustic-aluminum-ceiling-1601802524068","aluminum-ceiling-systems","","Aluminum Ceiling Systems","","{""capacity"":null,""doorWidth"":"""",""dimensions"":"""",""netWeight"":"""",""material"":""Aluminum"",""finish"":"""",""openingAngle"":"""",""holdOpen"":null,""glassThickness"":"""",""otherVerifiedFields"":{}}","assets/images/products/placeholders/aluminum-ceiling-systems.svg","false","partially-verified","[""doorWidth"",""dimensions"",""netWeight"",""finish"",""holdOpen""]","Imported from the seller's public product list. Only title-level facts are populated. Media status: not-used-legacy-branding-or-baked-copy."
"1601802393712","https://www.alibaba.com/product-detail/3D-Curved-Wavy-Metal-Aluminum-Ceiling_1601802393712.html","3D弧形波浪金属铝制天花板防火吸音板适合家庭和酒店使用","acoustic-aluminum-ceiling-1601802393712","aluminum-ceiling-systems","","Aluminum Ceiling Systems","","{""capacity"":null,""doorWidth"":"""",""dimensions"":"""",""netWeight"":"""",""material"":""Aluminum"",""finish"":"""",""openingAngle"":"""",""holdOpen"":null,""glassThickness"":"""",""otherVerifiedFields"":{}}","assets/images/products/placeholders/aluminum-ceiling-systems.svg","false","partially-verified","[""doorWidth"",""dimensions"",""netWeight"",""finish"",""holdOpen""]","Imported from the seller's public product list. Only title-level facts are populated. Media status: not-used-legacy-branding-or-baked-copy."
"1601802450323","https://www.alibaba.com/product-detail/Aluminum-Fireproof-Decoration-Baffle-Ceiling-Decorative_1601802450323.html","铝制防火装饰隔板天花板装饰条金属吊顶砖","aluminum-ceiling-system-1601802450323","aluminum-ceiling-systems","","Aluminum Ceiling Systems","","{""capacity"":null,""doorWidth"":"""",""dimensions"":"""",""netWeight"":"""",""material"":""Aluminum"",""finish"":"""",""openingAngle"":"""",""holdOpen"":null,""glassThickness"":"""",""otherVerifiedFields"":{}}","assets/images/products/placeholders/aluminum-ceiling-systems.svg","false","partially-verified","[""doorWidth"",""dimensions"",""netWeight"",""finish"",""holdOpen""]","Imported from the seller's public product list. Only title-level facts are populated. Media status: not-used-legacy-branding-or-baked-copy."
"1601802404578","https://www.alibaba.com/product-detail/Custom-Aluminum-Square-Pull-Bent-Ceiling_1601802404578.html","定制铝制方形拉伸弯折吊顶条板防火吸音现代设计商场室内装饰金属","acoustic-aluminum-ceiling-1601802404578","aluminum-ceiling-systems","","Aluminum Ceiling Systems","","{""capacity"":null,""doorWidth"":"""",""dimensions"":"""",""netWeight"":"""",""material"":""Aluminum"",""finish"":"""",""openingAngle"":"""",""holdOpen"":null,""glassThickness"":"""",""otherVerifiedFields"":{}}","assets/images/products/placeholders/aluminum-ceiling-systems.svg","false","partially-verified","[""doorWidth"",""dimensions"",""netWeight"",""finish"",""holdOpen""]","Imported from the seller's public product list. Only title-level facts are populated. Media status: not-used-legacy-branding-or-baked-copy."
"1601802375783","https://www.alibaba.com/product-detail/U-Shaped-Baffle-Square-Aluminum-Alloy_1601802375783.html","U型挡板方形铝合金防火吸音吊顶砖","acoustic-aluminum-ceiling-1601802375783","aluminum-ceiling-systems","","Aluminum Ceiling Systems","","{""capacity"":null,""doorWidth"":"""",""dimensions"":"""",""netWeight"":"""",""material"":""Aluminum alloy"",""finish"":"""",""openingAngle"":"""",""holdOpen"":null,""glassThickness"":"""",""otherVerifiedFields"":{}}","assets/images/products/placeholders/aluminum-ceiling-systems.svg","false","partially-verified","[""doorWidth"",""dimensions"",""netWeight"",""finish"",""holdOpen""]","Imported from the seller's public product list. Only title-level facts are populated. Media status: not-used-legacy-branding-or-baked-copy."
"1601802399595","https://www.alibaba.com/product-detail/Modern-Construction-Building-Materials-Ceiling-Decoration_1601802399595.html","现代建筑建材天花板装饰木纹铝条天花板","aluminum-ceiling-system-1601802399595","aluminum-ceiling-systems","","Aluminum Ceiling Systems","","{""capacity"":null,""doorWidth"":"""",""dimensions"":"""",""netWeight"":"""",""material"":"""",""finish"":"""",""openingAngle"":"""",""holdOpen"":null,""glassThickness"":"""",""otherVerifiedFields"":{}}","assets/images/products/placeholders/aluminum-ceiling-systems.svg","false","partially-verified","[""doorWidth"",""dimensions"",""netWeight"",""finish"",""holdOpen""]","Imported from the seller's public product list. Only title-level facts are populated. Media status: not-used-legacy-branding-or-baked-copy."
"1601802407541","https://www.alibaba.com/product-detail/Alumtimes-False-Ceiling-U-Shaped-Wood_1601802407541.html","Alumtimes 假天井U型木纹吊顶悬挂式隔断吊顶","aluminum-ceiling-system-1601802407541","aluminum-ceiling-systems","","Aluminum Ceiling Systems","","{""capacity"":null,""doorWidth"":"""",""dimensions"":"""",""netWeight"":"""",""material"":"""",""finish"":"""",""openingAngle"":"""",""holdOpen"":null,""glassThickness"":"""",""otherVerifiedFields"":{}}","assets/images/products/placeholders/aluminum-ceiling-systems.svg","false","partially-verified","[""doorWidth"",""dimensions"",""netWeight"",""finish"",""holdOpen""]","Imported from the seller's public product list. Only title-level facts are populated. Media status: not-used-legacy-branding-or-baked-copy."
"1601802497048","https://www.alibaba.com/product-detail/Factory-Customized-Wood-Grain-Roof-Decor_1601802497048.html","工厂定制木纹屋顶装饰梁隔板铝管天花板板","aluminum-ceiling-system-1601802497048","aluminum-ceiling-systems","","Aluminum Ceiling Systems","","{""capacity"":null,""doorWidth"":"""",""dimensions"":"""",""netWeight"":"""",""material"":"""",""finish"":"""",""openingAngle"":"""",""holdOpen"":null,""glassThickness"":"""",""otherVerifiedFields"":{}}","assets/images/products/placeholders/aluminum-ceiling-systems.svg","false","partially-verified","[""doorWidth"",""dimensions"",""netWeight"",""finish"",""holdOpen""]","Imported from the seller's public product list. Only title-level facts are populated. Media status: not-used-legacy-branding-or-baked-copy."
"1601802402590","https://www.alibaba.com/product-detail/Factory-Custom-U-Shaped-Aluminum-Panel_1601802402590.html","工厂定制U型铝板铝条天花板吊装瓷砖","aluminum-ceiling-system-1601802402590","aluminum-ceiling-systems","","Aluminum Ceiling Systems","","{""capacity"":null,""doorWidth"":"""",""dimensions"":"""",""netWeight"":"""",""material"":"""",""finish"":"""",""openingAngle"":"""",""holdOpen"":null,""glassThickness"":"""",""otherVerifiedFields"":{}}","assets/images/products/placeholders/aluminum-ceiling-systems.svg","false","partially-verified","[""doorWidth"",""dimensions"",""netWeight"",""finish"",""holdOpen""]","Imported from the seller's public product list. Only title-level facts are populated. Media status: not-used-legacy-branding-or-baked-copy."
"1601802467193","https://www.alibaba.com/product-detail/Aluminum-Linear-Wood-Baffle-Ceilings-System_1601802467193.html","铝制线性木饰板吊顶系统金属装饰吊顶","aluminum-ceiling-system-1601802467193","aluminum-ceiling-systems","","Aluminum Ceiling Systems","","{""capacity"":null,""doorWidth"":"""",""dimensions"":"""",""netWeight"":"""",""material"":""Aluminum"",""finish"":"""",""openingAngle"":"""",""holdOpen"":null,""glassThickness"":"""",""otherVerifiedFields"":{}}","assets/images/products/placeholders/aluminum-ceiling-systems.svg","false","partially-verified","[""doorWidth"",""dimensions"",""netWeight"",""finish"",""holdOpen""]","Imported from the seller's public product list. Only title-level facts are populated. Media status: not-used-legacy-branding-or-baked-copy."
"1601802413518","https://www.alibaba.com/product-detail/Outdoor-Fireproof-Soundproof-Metal-Facade-Decoration_1601802413518.html","户外防火隔音金属幕墙装饰墙板铝制天花板墙板吊顶，质保超过5年","aluminum-ceiling-system-1601802413518","aluminum-ceiling-systems","","Aluminum Ceiling Systems","","{""capacity"":null,""doorWidth"":"""",""dimensions"":"""",""netWeight"":"""",""material"":""Aluminum"",""finish"":"""",""openingAngle"":"""",""holdOpen"":null,""glassThickness"":"""",""otherVerifiedFields"":{}}","assets/images/products/placeholders/aluminum-ceiling-systems.svg","false","partially-verified","[""doorWidth"",""dimensions"",""netWeight"",""finish"",""holdOpen""]","Imported from the seller's public product list. Only title-level facts are populated. Media status: not-used-legacy-branding-or-baked-copy."
"1601802462127","https://www.alibaba.com/product-detail/Modern-Designs-Powder-Coated-Square-Wood_1601802462127.html","现代设计粉末涂层方形木板金属吊顶装饰铝条挡板酒店/商场天花板板","aluminum-ceiling-system-1601802462127","aluminum-ceiling-systems","","Aluminum Ceiling Systems","","{""capacity"":null,""doorWidth"":"""",""dimensions"":"""",""netWeight"":"""",""material"":"""",""finish"":"""",""openingAngle"":"""",""holdOpen"":null,""glassThickness"":"""",""otherVerifiedFields"":{}}","assets/images/products/placeholders/aluminum-ceiling-systems.svg","false","partially-verified","[""doorWidth"",""dimensions"",""netWeight"",""finish"",""holdOpen""]","Imported from the seller's public product list. Only title-level facts are populated. Media status: not-used-legacy-branding-or-baked-copy."
"1601802314844","https://www.alibaba.com/product-detail/Office-Metal-Suspended-Ceiling-Tile-600X600_1601802314844.html","办公室金属吊顶板 600X600 毫米 粉末涂层 防水防火 隔音室内铝制吊顶","aluminum-ceiling-system-1601802314844","aluminum-ceiling-systems","","Aluminum Ceiling Systems","","{""capacity"":null,""doorWidth"":"""",""dimensions"":""600 × 600 mm"",""netWeight"":"""",""material"":""Aluminum"",""finish"":"""",""openingAngle"":"""",""holdOpen"":null,""glassThickness"":"""",""otherVerifiedFields"":{}}","assets/images/products/placeholders/aluminum-ceiling-systems.svg","false","partially-verified","[""doorWidth"",""netWeight"",""finish"",""holdOpen""]","Imported from the seller's public product list. Only title-level facts are populated. Media status: not-used-legacy-branding-or-baked-copy."
"1601802462041","https://www.alibaba.com/product-detail/Modular-Aluminum-Acoustic-Ceiling-Tiles-with_1601802462041.html","模块化铝制吸音天花板，具有防火防水功能，适用于室内使用（办公室、厨房、健身房）-600x1200mm","acoustic-aluminum-ceiling-1601802462041","aluminum-ceiling-systems","","Aluminum Ceiling Systems","","{""capacity"":null,""doorWidth"":"""",""dimensions"":""600 × 1200 mm"",""netWeight"":"""",""material"":""Aluminum"",""finish"":"""",""openingAngle"":"""",""holdOpen"":null,""glassThickness"":"""",""otherVerifiedFields"":{}}","assets/images/products/placeholders/aluminum-ceiling-systems.svg","false","partially-verified","[""doorWidth"",""netWeight"",""finish"",""holdOpen""]","Imported from the seller's public product list. Only title-level facts are populated. Media status: not-used-legacy-branding-or-baked-copy."
"1601802352723","https://www.alibaba.com/product-detail/Acoustic-Aluminum-Ceiling-Panel-Fireproof-Suspended_1601802352723.html","吸音铝制天花板 - 办公室和商场内部防火吊顶砖","acoustic-aluminum-ceiling-1601802352723","aluminum-ceiling-systems","","Aluminum Ceiling Systems","","{""capacity"":null,""doorWidth"":"""",""dimensions"":"""",""netWeight"":"""",""material"":""Aluminum"",""finish"":"""",""openingAngle"":"""",""holdOpen"":null,""glassThickness"":"""",""otherVerifiedFields"":{}}","assets/images/products/placeholders/aluminum-ceiling-systems.svg","false","partially-verified","[""doorWidth"",""dimensions"",""netWeight"",""finish"",""holdOpen""]","Imported from the seller's public product list. Only title-level facts are populated. Media status: not-used-legacy-branding-or-baked-copy."
